Entry Date,Exit Date,Direction,Entry Mode,Entry,Exit,SL,P&L (pts),P&L (Rs),Lot,Exit Reason,Option,Strike,Entry Prem,Exit Prem,Delta,Opt P&L (pts),Opt P&L (Rs)
2015-01-12,2015-01-14,long,eod,8326.55,8331.58,8331.58,5.03,251.5,50,stop_loss,,0.0,0.0,0.0,0.0,0.0,0.0
2015-01-15,2015-01-27,long,eod,8461.15,8839.55,8839.55,378.4,18920.08,50,stop_loss,,0.0,0.0,0.0,0.0,0.0,0.0
2015-01-30,2015-02-03,short,eod,8821.45,8777.7,8777.7,43.75,2187.28,50,stop_loss,,0.0,0.0,0.0,0.0,0.0,0.0
2015-02-04,2015-02-06,short,eod,8713.95,8710.0,8710.0,3.95,197.41,50,stop_loss,,0.0,0.0,0.0,0.0,0.0,0.0
2015-02-09,2015-02-11,short,eod,8518.3,8497.47,8497.47,20.83,1041.69,50,stop_loss,,0.0,0.0,0.0,0.0,0.0,0.0
2015-02-12,2015-02-16,long,eod,8728.4,8795.23,8795.23,66.83,3341.75,50,stop_loss,,0.0,0.0,0.0,0.0,0.0,0.0
2015-02-19,2015-02-24,long,eod,8898.35,8729.28,8729.28,-169.07,-8453.43,50,stop_loss,,0.0,0.0,0.0,0.0,0.0,0.0
2015-02-26,2015-02-28,short,eod,8694.65,8859.85,8859.85,-165.2,-8259.92,50,stop_loss,,0.0,0.0,0.0,0.0,0.0,0.0
2015-03-02,2015-03-04,long,eod,8961.55,8981.23,8981.23,19.68,983.76,50,stop_loss,,0.0,0.0,0.0,0.0,0.0,0.0
2015-03-09,2015-03-11,short,eod,8743.25,8703.63,8703.63,39.62,1980.86,50,stop_loss,,0.0,0.0,0.0,0.0,0.0,0.0
2015-03-12,2015-03-16,long,eod,8771.4,8817.52,8817.52,46.12,2305.89,50,stop_loss,,0.0,0.0,0.0,0.0,0.0,0.0
2015-03-17,2015-03-19,long,eod,8722.35,8720.16,8720.16,-2.19,-109.46,50,stop_loss,,0.0,0.0,0.0,0.0,0.0,0.0
2015-03-20,2015-03-24,short,eod,8584.85,8566.37,8566.37,18.48,923.89,50,stop_loss,,0.0,0.0,0.0,0.0,0.0,0.0
2015-03-25,2015-03-27,short,eod,8517.0,8351.33,8351.33,165.67,8283.55,50,stop_loss,,0.0,0.0,0.0,0.0,0.0,0.0
2015-03-30,2015-04-01,long,eod,8501.35,8524.3,8524.3,22.95,1147.51,50,stop_loss,,0.0,0.0,0.0,0.0,0.0,0.0
2015-04-06,2015-04-09,long,eod,8652.0,8703.96,8703.96,51.96,2597.98,50,stop_loss,,0.0,0.0,0.0,0.0,0.0,0.0
2015-04-13,2015-04-16,long,eod,8825.9,8818.22,8818.22,-7.68,-384.21,50,stop_loss,,0.0,0.0,0.0,0.0,0.0,0.0
2015-04-17,2015-04-21,short,eod,8602.05,8448.47,8448.47,153.58,7679.02,50,stop_loss,,0.0,0.0,0.0,0.0,0.0,0.0
2015-04-24,2015-04-28,short,eod,8320.15,8227.71,8227.71,92.44,4622.04,50,stop_loss,,0.0,0.0,0.0,0.0,0.0,0.0
2015-04-30,2015-05-07,short,eod,8204.95,8107.6,8107.6,97.35,4867.5,50,stop_loss,,0.0,0.0,0.0,0.0,0.0,0.0
2015-05-08,2015-05-12,long,eod,8190.3,8307.7,8307.7,117.4,5870.09,50,stop_loss,,0.0,0.0,0.0,0.0,0.0,0.0
2015-05-15,2015-05-19,long,eod,8254.75,8359.2,8359.2,104.45,5222.35,50,stop_loss,,0.0,0.0,0.0,0.0,0.0,0.0
2015-05-22,2015-05-27,long,eod,8448.35,8287.83,8287.83,-160.52,-8025.93,50,stop_loss,,0.0,0.0,0.0,0.0,0.0,0.0
2015-05-29,2015-06-02,long,eod,8432.95,8441.65,8441.65,8.7,434.94,50,stop_loss,,0.0,0.0,0.0,0.0,0.0,0.0
2015-06-03,2015-06-05,short,eod,8148.55,8081.47,8081.47,67.08,3353.91,50,stop_loss,,0.0,0.0,0.0,0.0,0.0,0.0
2015-06-08,2015-06-10,short,eod,8036.95,8029.52,8029.52,7.43,371.68,50,stop_loss,,0.0,0.0,0.0,0.0,0.0,0.0
2015-06-11,2015-06-15,short,eod,7964.85,7964.77,7964.77,0.08,3.86,50,stop_loss,,0.0,0.0,0.0,0.0,0.0,0.0
2015-06-17,2015-06-23,long,eod,8089.7,8344.24,8344.24,254.54,12727.1,50,stop_loss,,0.0,0.0,0.0,0.0,0.0,0.0
2015-06-29,2015-07-01,short,eod,8326.4,8324.0,8324.0,2.4,120.14,50,stop_loss,,0.0,0.0,0.0,0.0,0.0,0.0
2015-07-03,2015-07-07,long,eod,8486.35,8506.5,8506.5,20.15,1007.69,50,stop_loss,,0.0,0.0,0.0,0.0,0.0,0.0
2015-07-08,2015-07-10,short,eod,8354.65,8347.97,8347.97,6.68,334.05,50,stop_loss,,0.0,0.0,0.0,0.0,0.0,0.0
2015-07-13,2015-07-20,long,eod,8461.4,8616.72,8616.72,155.32,7766.1,50,stop_loss,,0.0,0.0,0.0,0.0,0.0,0.0
2015-07-21,2015-07-23,short,eod,8531.9,8525.05,8525.05,6.85,342.57,50,stop_loss,,0.0,0.0,0.0,0.0,0.0,0.0
2015-07-24,2015-07-28,short,eod,8527.1,8377.56,8377.56,149.54,7477.13,50,stop_loss,,0.0,0.0,0.0,0.0,0.0,0.0
2015-07-30,2015-08-03,long,eod,8429.05,8523.2,8523.2,94.15,4707.67,50,stop_loss,,0.0,0.0,0.0,0.0,0.0,0.0
2015-08-05,2015-08-07,long,eod,8567.05,8580.23,8580.23,13.18,659.09,50,stop_loss,,0.0,0.0,0.0,0.0,0.0,0.0
2015-08-10,2015-08-13,short,eod,8502.9,8363.01,8363.01,139.89,6994.3,50,stop_loss,,0.0,0.0,0.0,0.0,0.0,0.0
2015-08-14,2015-08-18,long,eod,8518.9,8504.91,8504.91,-13.99,-699.58,50,stop_loss,,0.0,0.0,0.0,0.0,0.0,0.0
2015-08-20,2015-08-25,short,eod,8387.2,7793.01,7793.01,594.19,29709.55,50,stop_loss,,0.0,0.0,0.0,0.0,0.0,0.0
2015-08-27,2015-08-31,long,eod,7960.25,8067.42,8067.42,107.17,5358.74,50,stop_loss,,0.0,0.0,0.0,0.0,0.0,0.0
2015-09-01,2015-09-03,short,eod,7781.4,7722.7,7722.7,58.7,2935.06,50,stop_loss,,0.0,0.0,0.0,0.0,0.0,0.0
2015-09-04,2015-09-08,short,eod,7655.95,7568.99,7568.99,86.96,4348.05,50,stop_loss,,0.0,0.0,0.0,0.0,0.0,0.0
2015-09-09,2015-09-11,long,eod,7804.85,7795.99,7795.99,-8.86,-442.92,50,stop_loss,,0.0,0.0,0.0,0.0,0.0,0.0
2015-09-14,2015-09-16,long,eod,7867.85,7856.16,7856.16,-11.69,-584.47,50,stop_loss,,0.0,0.0,0.0,0.0,0.0,0.0
2015-09-18,2015-09-22,long,eod,7967.4,7963.79,7963.79,-3.61,-180.66,50,stop_loss,,0.0,0.0,0.0,0.0,0.0,0.0
2015-09-28,2015-09-30,short,eod,7802.45,7714.37,7714.37,88.08,4403.81,50,stop_loss,,0.0,0.0,0.0,0.0,0.0,0.0
2015-10-05,2015-10-07,long,eod,8126.4,8155.91,8155.91,29.51,1475.43,50,stop_loss,,0.0,0.0,0.0,0.0,0.0,0.0
2015-10-08,2015-10-14,short,eod,8127.7,8113.12,8113.12,14.58,729.17,50,stop_loss,,0.0,0.0,0.0,0.0,0.0,0.0
2015-10-15,2015-10-20,long,eod,8178.75,8257.8,8257.8,79.05,3952.6,50,stop_loss,,0.0,0.0,0.0,0.0,0.0,0.0
2015-10-23,2015-10-27,long,eod,8296.85,8310.34,8310.34,13.49,674.7,50,stop_loss,,0.0,0.0,0.0,0.0,0.0,0.0
2015-10-28,2015-10-30,short,eod,8177.2,8122.44,8122.44,54.76,2737.78,50,stop_loss,,0.0,0.0,0.0,0.0,0.0,0.0
2015-11-04,2015-11-06,short,eod,8030.35,7968.13,7968.13,62.22,4666.28,75,stop_loss,,0.0,0.0,0.0,0.0,0.0,0.0
2015-11-09,2015-11-11,short,eod,7911.35,7796.47,7796.47,114.88,8616.04,75,stop_loss,,0.0,0.0,0.0,0.0,0.0,0.0
2015-11-16,2015-11-18,long,eod,7808.65,7836.22,7836.22,27.57,2067.8,75,stop_loss,,0.0,0.0,0.0,0.0,0.0,0.0
2015-11-19,2015-11-23,long,eod,7844.75,7883.03,7883.03,38.28,2870.98,75,stop_loss,,0.0,0.0,0.0,0.0,0.0,0.0
2015-11-26,2015-11-30,long,eod,7892.55,7934.67,7934.67,42.12,3159.33,75,stop_loss,,0.0,0.0,0.0,0.0,0.0,0.0
2015-12-02,2015-12-07,short,eod,7924.25,7799.23,7799.23,125.02,9376.67,75,stop_loss,,0.0,0.0,0.0,0.0,0.0,0.0
2015-12-08,2015-12-10,short,eod,7690.3,7629.87,7629.87,60.43,4532.16,75,stop_loss,,0.0,0.0,0.0,0.0,0.0,0.0
2015-12-11,2015-12-15,short,eod,7610.1,7576.06,7576.06,34.04,2552.99,75,stop_loss,,0.0,0.0,0.0,0.0,0.0,0.0
2015-12-16,2015-12-18,long,eod,7751.65,7828.94,7828.94,77.29,5796.94,75,stop_loss,,0.0,0.0,0.0,0.0,0.0,0.0
2015-12-23,2015-12-28,long,eod,7862.5,7865.08,7865.08,2.58,193.78,75,stop_loss,,0.0,0.0,0.0,0.0,0.0,0.0
2015-12-30,2016-01-01,short,eod,7895.1,7915.02,7915.02,-19.92,-1494.3,75,stop_loss,,0.0,0.0,0.0,0.0,0.0,0.0
2016-01-04,2016-01-06,short,eod,7789.15,7786.59,7786.59,2.56,192.01,75,stop_loss,,0.0,0.0,0.0,0.0,0.0,0.0
2016-01-07,2016-01-12,short,eod,7569.65,7517.03,7517.03,52.62,3946.23,75,stop_loss,,0.0,0.0,0.0,0.0,0.0,0.0
2016-01-15,2016-01-19,short,eod,7433.95,7358.41,7358.41,75.54,5665.56,75,stop_loss,,0.0,0.0,0.0,0.0,0.0,0.0
2016-01-20,2016-01-22,short,eod,7317.0,7272.0,7272.0,45.0,3374.94,75,stop_loss,,0.0,0.0,0.0,0.0,0.0,0.0
2016-01-25,2016-01-28,long,eod,7436.4,7454.22,7454.22,17.82,1336.5,75,stop_loss,,0.0,0.0,0.0,0.0,0.0,0.0
2016-01-29,2016-02-02,long,eod,7559.4,7577.5,7577.5,18.1,1357.43,75,stop_loss,,0.0,0.0,0.0,0.0,0.0,0.0
2016-02-03,2016-02-05,short,eod,7373.3,7388.85,7388.85,-15.55,-1166.27,75,stop_loss,,0.0,0.0,0.0,0.0,0.0,0.0
2016-02-08,2016-02-11,short,eod,7365.05,7199.33,7199.33,165.72,12428.75,75,stop_loss,,0.0,0.0,0.0,0.0,0.0,0.0
2016-02-15,2016-02-17,long,eod,7158.2,7176.95,7176.95,18.75,1406.58,75,stop_loss,,0.0,0.0,0.0,0.0,0.0,0.0
2016-02-18,2016-02-22,long,eod,7178.5,7205.07,7205.07,26.57,1992.73,75,stop_loss,,0.0,0.0,0.0,0.0,0.0,0.0
2016-02-23,2016-02-25,short,eod,7094.55,7030.98,7030.98,63.57,4767.76,75,stop_loss,,0.0,0.0,0.0,0.0,0.0,0.0
2016-02-26,2016-02-29,long,eod,7035.95,6902.27,6902.27,-133.68,-10026.23,75,stop_loss,,0.0,0.0,0.0,0.0,0.0,0.0
2016-03-01,2016-03-04,long,eod,7228.55,7461.2,7461.2,232.65,17448.68,75,stop_loss,,0.0,0.0,0.0,0.0,0.0,0.0
2016-03-09,2016-03-11,long,eod,7532.5,7524.41,7524.41,-8.09,-606.84,75,stop_loss,,0.0,0.0,0.0,0.0,0.0,0.0
2016-03-15,2016-03-17,short,eod,7463.1,7427.47,7427.47,35.63,2672.57,75,stop_loss,,0.0,0.0,0.0,0.0,0.0,0.0
2016-03-18,2016-03-22,long,eod,7600.6,7690.26,7690.26,89.66,6724.48,75,stop_loss,,0.0,0.0,0.0,0.0,0.0,0.0
2016-03-28,2016-03-30,short,eod,7630.45,7605.8,7605.8,24.65,1848.81,75,stop_loss,,0.0,0.0,0.0,0.0,0.0,0.0
2016-03-31,2016-04-05,long,eod,7748.15,7741.01,7741.01,-7.14,-535.72,75,stop_loss,,0.0,0.0,0.0,0.0,0.0,0.0
2016-04-07,2016-04-11,short,eod,7542.15,7549.53,7549.53,-7.38,-553.56,75,stop_loss,,0.0,0.0,0.0,0.0,0.0,0.0
2016-04-12,2016-04-20,long,eod,7709.15,7896.59,7896.59,187.44,14057.92,75,stop_loss,,0.0,0.0,0.0,0.0,0.0,0.0
2016-04-25,2016-04-27,short,eod,7864.85,7846.22,7846.22,18.63,1397.38,75,stop_loss,,0.0,0.0,0.0,0.0,0.0,0.0
2016-04-28,2016-05-02,short,eod,7851.05,7812.47,7812.47,38.58,2893.7,75,stop_loss,,0.0,0.0,0.0,0.0,0.0,0.0
2016-05-03,2016-05-05,short,eod,7742.75,7720.69,7720.69,22.06,1654.29,75,stop_loss,,0.0,0.0,0.0,0.0,0.0,0.0
2016-05-09,2016-05-11,long,eod,7868.55,7873.11,7873.11,4.56,341.97,75,stop_loss,,0.0,0.0,0.0,0.0,0.0,0.0
2016-05-12,2016-05-18,long,eod,7905.2,7916.23,7916.23,11.03,827.24,75,stop_loss,,0.0,0.0,0.0,0.0,0.0,0.0
2016-05-19,2016-05-23,short,eod,7767.1,7759.01,7759.01,8.09,606.95,75,stop_loss,,0.0,0.0,0.0,0.0,0.0,0.0
2016-05-25,2016-05-31,long,eod,7932.8,8175.3,8175.3,242.5,18187.52,75,stop_loss,,0.0,0.0,0.0,0.0,0.0,0.0
2016-06-02,2016-06-06,long,eod,8216.95,8237.11,8237.11,20.16,1512.32,75,stop_loss,,0.0,0.0,0.0,0.0,0.0,0.0
2016-06-07,2016-06-09,long,eod,8264.6,8263.14,8263.14,-1.46,-109.8,75,stop_loss,,0.0,0.0,0.0,0.0,0.0,0.0
2016-06-10,2016-06-14,short,eod,8172.65,8088.19,8088.19,84.46,6334.35,75,stop_loss,,0.0,0.0,0.0,0.0,0.0,0.0
2016-06-15,2016-06-21,long,eod,8199.4,8218.97,8218.97,19.57,1467.67,75,stop_loss,,0.0,0.0,0.0,0.0,0.0,0.0
2016-06-22,2016-06-27,short,eod,8194.35,7951.13,7951.13,243.22,18241.35,75,stop_loss,,0.0,0.0,0.0,0.0,0.0,0.0
2016-06-28,2016-07-05,long,eod,8127.05,8373.11,8373.11,246.06,18454.13,75,stop_loss,,0.0,0.0,0.0,0.0,0.0,0.0
2016-07-11,2016-07-13,long,eod,8469.95,8500.32,8500.32,30.37,2277.92,75,stop_loss,,0.0,0.0,0.0,0.0,0.0,0.0
2016-07-14,2016-07-18,long,eod,8563.6,8568.97,8568.97,5.37,402.43,75,stop_loss,,0.0,0.0,0.0,0.0,0.0,0.0
2016-07-20,2016-07-22,long,eod,8566.65,8559.1,8559.1,-7.55,-566.59,75,stop_loss,,0.0,0.0,0.0,0.0,0.0,0.0
2016-07-25,2016-07-27,long,eod,8630.4,8618.92,8618.92,-11.48,-861.34,75,stop_loss,,0.0,0.0,0.0,0.0,0.0,0.0
2016-07-28,2016-08-01,long,eod,8666.2,8643.14,8643.14,-23.06,-1729.31,75,stop_loss,,0.0,0.0,0.0,0.0,0.0,0.0
2016-08-03,2016-08-05,short,eod,8540.7,8543.91,8543.91,-3.21,-240.38,75,stop_loss,,0.0,0.0,0.0,0.0,0.0,0.0
2016-08-08,2016-08-10,long,eod,8700.25,8701.62,8701.62,1.37,102.49,75,stop_loss,,0.0,0.0,0.0,0.0,0.0,0.0
2016-08-12,2016-08-17,long,eod,8656.0,8656.05,8656.05,0.05,4.03,75,stop_loss,,0.0,0.0,0.0,0.0,0.0,0.0
2016-08-18,2016-08-22,long,eod,8668.7,8668.22,8668.22,-0.48,-36.22,75,stop_loss,,0.0,0.0,0.0,0.0,0.0,0.0
2016-08-24,2016-08-26,long,eod,8647.6,8656.8,8656.8,9.2,690.11,75,stop_loss,,0.0,0.0,0.0,0.0,0.0,0.0
2016-08-30,2016-09-01,long,eod,8745.1,8792.24,8792.24,47.14,3535.79,75,stop_loss,,0.0,0.0,0.0,0.0,0.0,0.0
2016-09-06,2016-09-08,long,eod,8944.2,8941.79,8941.79,-2.41,-180.46,75,stop_loss,,0.0,0.0,0.0,0.0,0.0,0.0
2016-09-09,2016-09-14,short,eod,8864.6,8726.45,8726.45,138.15,10361.17,75,stop_loss,,0.0,0.0,0.0,0.0,0.0,0.0
2016-09-15,2016-09-19,long,eod,8748.6,8820.86,8820.86,72.26,5419.33,75,stop_loss,,0.0,0.0,0.0,0.0,0.0,0.0
2016-09-20,2016-09-22,short,eod,8774.05,8784.02,8784.02,-9.97,-747.99,75,stop_loss,,0.0,0.0,0.0,0.0,0.0,0.0
2016-09-23,2016-09-27,short,eod,8825.15,8741.3,8741.3,83.85,6289.09,75,stop_loss,,0.0,0.0,0.0,0.0,0.0,0.0
2016-09-29,2016-10-03,short,eod,8615.65,8581.02,8581.02,34.63,2597.55,75,stop_loss,,0.0,0.0,0.0,0.0,0.0,0.0
2016-10-04,2016-10-06,long,eod,8771.35,8779.93,8779.93,8.58,643.57,75,stop_loss,,0.0,0.0,0.0,0.0,0.0,0.0
2016-10-13,2016-10-17,short,eod,8571.55,8575.8,8575.8,-4.25,-318.78,75,stop_loss,,0.0,0.0,0.0,0.0,0.0,0.0
2016-10-18,2016-10-21,long,eod,8667.7,8700.72,8700.72,33.02,2476.45,75,stop_loss,,0.0,0.0,0.0,0.0,0.0,0.0
2016-10-24,2016-10-26,long,eod,8711.65,8695.53,8695.53,-16.12,-1208.63,75,stop_loss,,0.0,0.0,0.0,0.0,0.0,0.0
2016-10-28,2016-11-01,long,eod,8639.95,8651.67,8651.67,11.72,878.77,75,stop_loss,,0.0,0.0,0.0,0.0,0.0,0.0
2016-11-02,2016-11-04,short,eod,8519.15,8501.58,8501.58,17.57,1317.87,75,stop_loss,,0.0,0.0,0.0,0.0,0.0,0.0
2016-11-08,2016-11-09,long,eod,8542.15,8379.85,8379.85,-162.3,-12172.56,75,stop_loss,,0.0,0.0,0.0,0.0,0.0,0.0
2016-11-10,2016-11-11,long,eod,8522.5,8360.57,8360.57,-161.93,-12144.56,75,stop_loss,,0.0,0.0,0.0,0.0,0.0,0.0
2016-11-15,2016-11-17,short,eod,8097.45,8116.28,8116.28,-18.83,-1411.95,75,stop_loss,,0.0,0.0,0.0,0.0,0.0,0.0
2016-11-21,2016-11-23,short,eod,7942.85,7962.11,7962.11,-19.26,-1444.87,75,stop_loss,,0.0,0.0,0.0,0.0,0.0,0.0
2016-11-25,2016-11-30,long,eod,8110.15,8172.76,8172.76,62.61,4695.6,75,stop_loss,,0.0,0.0,0.0,0.0,0.0,0.0
2016-12-02,2016-12-06,short,eod,8088.0,8081.07,8081.07,6.93,519.7,75,stop_loss,,0.0,0.0,0.0,0.0,0.0,0.0
2016-12-07,2016-12-09,short,eod,8114.05,8268.22,8268.22,-154.17,-11562.52,75,stop_loss,,0.0,0.0,0.0,0.0,0.0,0.0
2016-12-12,2016-12-14,short,eod,8171.6,8180.27,8180.27,-8.67,-650.05,75,stop_loss,,0.0,0.0,0.0,0.0,0.0,0.0
2016-12-15,2016-12-20,short,eod,8154.65,8119.23,8119.23,35.42,2656.14,75,stop_loss,,0.0,0.0,0.0,0.0,0.0,0.0
2016-12-21,2016-12-23,short,eod,8056.1,7988.95,7988.95,67.15,5036.61,75,stop_loss,,0.0,0.0,0.0,0.0,0.0,0.0
2016-12-26,2016-12-28,short,eod,7912.45,7927.46,7927.46,-15.01,-1125.84,75,stop_loss,,0.0,0.0,0.0,0.0,0.0,0.0
2016-12-29,2017-01-02,long,eod,8105.1,8172.41,8172.41,67.31,5048.17,75,stop_loss,,0.0,0.0,0.0,0.0,0.0,0.0
2017-01-05,2017-01-09,long,eod,8270.5,8281.58,8281.58,11.08,831.04,75,stop_loss,,0.0,0.0,0.0,0.0,0.0,0.0
2017-01-10,2017-01-13,long,eod,8290.3,8391.75,8391.75,101.45,7608.68,75,stop_loss,,0.0,0.0,0.0,0.0,0.0,0.0
2017-01-20,2017-01-24,short,eod,8343.85,8353.03,8353.03,-9.18,-688.81,75,stop_loss,,0.0,0.0,0.0,0.0,0.0,0.0
2017-01-25,2017-01-30,long,eod,8597.5,8646.53,8646.53,49.03,3677.43,75,stop_loss,,0.0,0.0,0.0,0.0,0.0,0.0
2017-01-31,2017-02-01,short,eod,8556.55,8719.12,8719.12,-162.57,-12193.08,75,stop_loss,,0.0,0.0,0.0,0.0,0.0,0.0
2017-02-06,2017-02-08,long,eod,8796.1,8781.92,8781.92,-14.18,-1063.13,75,stop_loss,,0.0,0.0,0.0,0.0,0.0,0.0
2017-02-15,2017-02-17,short,eod,8728.2,8746.11,8746.11,-17.91,-1343.24,75,stop_loss,,0.0,0.0,0.0,0.0,0.0,0.0
2017-02-21,2017-02-23,long,eod,8903.25,8933.72,8933.72,30.47,2285.12,75,stop_loss,,0.0,0.0,0.0,0.0,0.0,0.0
2017-02-27,2017-03-01,short,eod,8896.45,8894.7,8894.7,1.75,130.93,75,stop_loss,,0.0,0.0,0.0,0.0,0.0,0.0
2017-03-02,2017-03-06,short,eod,8893.9,8886.88,8886.88,7.02,526.43,75,stop_loss,,0.0,0.0,0.0,0.0,0.0,0.0
2017-03-08,2017-03-10,short,eod,8923.85,8927.2,8927.2,-3.35,-251.36,75,stop_loss,,0.0,0.0,0.0,0.0,0.0,0.0
2017-03-14,2017-03-20,long,eod,9073.35,9186.46,9186.46,113.11,8483.08,75,stop_loss,,0.0,0.0,0.0,0.0,0.0,0.0
2017-03-22,2017-03-28,short,eod,9027.65,9051.72,9051.72,-24.07,-1805.55,75,stop_loss,,0.0,0.0,0.0,0.0,0.0,0.0
2017-03-29,2017-03-31,long,eod,9145.05,9153.56,9153.56,8.51,638.0,75,stop_loss,,0.0,0.0,0.0,0.0,0.0,0.0
2017-04-03,2017-04-06,long,eod,9243.0,9245.98,9245.98,2.98,223.39,75,stop_loss,,0.0,0.0,0.0,0.0,0.0,0.0
2017-04-07,2017-04-11,short,eod,9196.9,9202.37,9202.37,-5.47,-410.59,75,stop_loss,,0.0,0.0,0.0,0.0,0.0,0.0
2017-04-13,2017-04-18,short,eod,9147.3,9147.71,9147.71,-0.41,-30.83,75,stop_loss,,0.0,0.0,0.0,0.0,0.0,0.0
2017-04-20,2017-04-24,long,eod,9136.1,9155.65,9155.65,19.55,1466.28,75,stop_loss,,0.0,0.0,0.0,0.0,0.0,0.0
2017-04-25,2017-04-27,long,eod,9303.75,9338.6,9338.6,34.85,2613.74,75,stop_loss,,0.0,0.0,0.0,0.0,0.0,0.0
2017-04-28,2017-05-03,short,eod,9304.65,9297.81,9297.81,6.84,513.0,75,stop_loss,,0.0,0.0,0.0,0.0,0.0,0.0
2017-05-04,2017-05-08,long,eod,9356.75,9346.43,9346.43,-10.32,-774.27,75,stop_loss,,0.0,0.0,0.0,0.0,0.0,0.0
2017-05-10,2017-05-12,long,eod,9412.45,9421.95,9421.95,9.5,712.43,75,stop_loss,,0.0,0.0,0.0,0.0,0.0,0.0
2017-05-15,2017-05-17,long,eod,9445.6,9488.55,9488.55,42.95,3221.15,75,stop_loss,,0.0,0.0,0.0,0.0,0.0,0.0
2017-05-18,2017-05-22,short,eod,9423.75,9418.92,9418.92,4.83,362.08,75,stop_loss,,0.0,0.0,0.0,0.0,0.0,0.0
2017-05-23,2017-05-25,short,eod,9379.4,9369.93,9369.93,9.47,710.57,75,stop_loss,,0.0,0.0,0.0,0.0,0.0,0.0
2017-05-26,2017-05-30,long,eod,9580.9,9608.59,9608.59,27.69,2076.56,75,stop_loss,,0.0,0.0,0.0,0.0,0.0,0.0
2017-06-02,2017-06-06,long,eod,9642.35,9657.99,9657.99,15.64,1172.91,75,stop_loss,,0.0,0.0,0.0,0.0,0.0,0.0
2017-06-13,2017-06-15,short,eod,9597.5,9609.39,9609.39,-11.89,-891.9,75,stop_loss,,0.0,0.0,0.0,0.0,0.0,0.0
2017-06-19,2017-06-21,long,eod,9654.15,9647.42,9647.42,-6.73,-504.7,75,stop_loss,,0.0,0.0,0.0,0.0,0.0,0.0
2017-06-23,2017-06-28,short,eod,9576.15,9502.12,9502.12,74.03,5552.17,75,stop_loss,,0.0,0.0,0.0,0.0,0.0,0.0
2017-07-03,2017-07-05,long,eod,9615.55,9620.85,9620.85,5.3,397.55,75,stop_loss,,0.0,0.0,0.0,0.0,0.0,0.0
2017-07-06,2017-07-12,long,eod,9668.95,9800.36,9800.36,131.41,9855.78,75,stop_loss,,0.0,0.0,0.0,0.0,0.0,0.0
2017-07-13,2017-07-18,long,eod,9886.25,9898.42,9898.42,12.17,912.4,75,stop_loss,,0.0,0.0,0.0,0.0,0.0,0.0
2017-07-19,2017-07-21,long,eod,9902.05,9892.58,9892.58,-9.47,-710.03,75,stop_loss,,0.0,0.0,0.0,0.0,0.0,0.0
2017-07-24,2017-07-26,long,eod,9965.55,9980.52,9980.52,14.97,1122.63,75,stop_loss,,0.0,0.0,0.0,0.0,0.0,0.0
2017-07-28,2017-08-04,short,eod,10002.95,10028.4,10028.4,-25.45,-1908.39,75,stop_loss,,0.0,0.0,0.0,0.0,0.0,0.0
2017-08-08,2017-08-14,short,eod,9977.1,9714.76,9714.76,262.34,19675.72,75,stop_loss,,0.0,0.0,0.0,0.0,0.0,0.0
2017-08-16,2017-08-18,long,eod,9900.65,9917.76,9917.76,17.11,1283.04,75,stop_loss,,0.0,0.0,0.0,0.0,0.0,0.0
2017-08-21,2017-09-01,short,eod,9751.45,9936.73,9936.73,-185.28,-13895.82,75,stop_loss,,0.0,0.0,0.0,0.0,0.0,0.0
2017-09-04,2017-09-06,short,eod,9904.35,9930.9,9930.9,-26.55,-1991.52,75,stop_loss,,0.0,0.0,0.0,0.0,0.0,0.0
2017-09-11,2017-09-13,long,eod,10005.95,10067.21,10067.21,61.26,4594.31,75,stop_loss,,0.0,0.0,0.0,0.0,0.0,0.0
2017-09-18,2017-09-20,long,eod,10154.4,10147.96,10147.96,-6.44,-482.66,75,stop_loss,,0.0,0.0,0.0,0.0,0.0,0.0
2017-09-21,2017-09-26,short,eod,10123.6,9845.85,9845.85,277.75,20831.31,75,stop_loss,,0.0,0.0,0.0,0.0,0.0,0.0
2017-09-27,2017-09-29,short,eod,9738.3,9717.47,9717.47,20.83,1562.61,75,stop_loss,,0.0,0.0,0.0,0.0,0.0,0.0
2017-10-03,2017-10-05,long,eod,9854.75,9908.14,9908.14,53.39,4003.96,75,stop_loss,,0.0,0.0,0.0,0.0,0.0,0.0
2017-10-06,2017-10-11,long,eod,9987.2,10003.8,10003.8,16.6,1244.87,75,stop_loss,,0.0,0.0,0.0,0.0,0.0,0.0
2017-10-12,2017-10-18,long,eod,10098.0,10220.9,10220.9,122.9,9217.13,75,stop_loss,,0.0,0.0,0.0,0.0,0.0,0.0
2017-10-19,2017-10-24,short,eod,10139.1,10155.17,10155.17,-16.07,-1205.58,75,stop_loss,,0.0,0.0,0.0,0.0,0.0,0.0
2017-10-25,2017-10-27,long,eod,10293.75,10324.28,10324.28,30.53,2290.05,75,stop_loss,,0.0,0.0,0.0,0.0,0.0,0.0
2017-10-30,2017-11-02,long,eod,10365.25,10420.25,10420.25,55.0,4124.64,75,stop_loss,,0.0,0.0,0.0,0.0,0.0,0.0
2017-11-03,2017-11-07,long,eod,10453.65,10458.93,10458.93,5.28,395.91,75,stop_loss,,0.0,0.0,0.0,0.0,0.0,0.0
2017-11-08,2017-11-10,short,eod,10313.8,10298.05,10298.05,15.75,1181.12,75,stop_loss,,0.0,0.0,0.0,0.0,0.0,0.0
2017-11-13,2017-11-16,short,eod,10222.6,10124.48,10124.48,98.12,7358.81,75,stop_loss,,0.0,0.0,0.0,0.0,0.0,0.0
2017-11-17,2017-11-22,long,eod,10274.75,10327.52,10327.52,52.77,3958.06,75,stop_loss,,0.0,0.0,0.0,0.0,0.0,0.0
2017-11-24,2017-11-28,long,eod,10393.3,10375.58,10375.58,-17.72,-1329.03,75,stop_loss,,0.0,0.0,0.0,0.0,0.0,0.0
2017-11-29,2017-12-01,short,eod,10350.65,10242.89,10242.89,107.76,8082.24,75,stop_loss,,0.0,0.0,0.0,0.0,0.0,0.0
2017-12-06,2017-12-08,short,eod,10039.65,10230.4,10230.4,-190.75,-14306.5,75,stop_loss,,0.0,0.0,0.0,0.0,0.0,0.0
2017-12-11,2017-12-18,long,eod,10326.05,10341.93,10341.93,15.88,1191.06,75,stop_loss,,0.0,0.0,0.0,0.0,0.0,0.0
2017-12-19,2017-12-21,long,eod,10469.5,10462.92,10462.92,-6.58,-493.74,75,stop_loss,,0.0,0.0,0.0,0.0,0.0,0.0
2017-12-22,2017-12-27,long,eod,10486.6,10513.66,10513.66,27.06,2029.81,75,stop_loss,,0.0,0.0,0.0,0.0,0.0,0.0
2017-12-28,2018-01-02,short,eod,10467.0,10454.57,10454.57,12.43,932.26,75,stop_loss,,0.0,0.0,0.0,0.0,0.0,0.0
2018-01-04,2018-01-10,long,eod,10505.35,10627.07,10627.07,121.72,9129.21,75,stop_loss,,0.0,0.0,0.0,0.0,0.0,0.0
2018-01-12,2018-01-16,long,eod,10667.3,10750.3,10750.3,83.0,6225.15,75,stop_loss,,0.0,0.0,0.0,0.0,0.0,0.0
2018-01-17,2018-01-19,long,eod,10794.3,10854.74,10854.74,60.44,4532.83,75,stop_loss,,0.0,0.0,0.0,0.0,0.0,0.0
2018-01-22,2018-01-24,long,eod,10958.75,11059.22,11059.22,100.47,7535.44,75,stop_loss,,0.0,0.0,0.0,0.0,0.0,0.0
2018-01-29,2018-02-01,long,eod,11124.7,10913.33,10913.33,-211.37,-15852.7,75,stop_loss,,0.0,0.0,0.0,0.0,0.0,0.0
2018-02-02,2018-02-07,short,eod,10737.5,10312.85,10312.85,424.65,31849.05,75,stop_loss,,0.0,0.0,0.0,0.0,0.0,0.0
2018-02-09,2018-02-15,short,eod,10466.8,10489.07,10489.07,-22.27,-1670.48,75,stop_loss,,0.0,0.0,0.0,0.0,0.0,0.0
2018-02-16,2018-02-20,short,eod,10451.85,10334.21,10334.21,117.64,8823.01,75,stop_loss,,0.0,0.0,0.0,0.0,0.0,0.0
2018-02-23,2018-02-27,long,eod,10492.55,10560.92,10560.92,68.37,5127.89,75,stop_loss,,0.0,0.0,0.0,0.0,0.0,0.0
2018-02-28,2018-03-06,short,eod,10487.95,10355.17,10355.17,132.78,9958.31,75,stop_loss,,0.0,0.0,0.0,0.0,0.0,0.0
2018-03-07,2018-03-09,short,eod,10163.55,10177.09,10177.09,-13.54,-1015.5,75,stop_loss,,0.0,0.0,0.0,0.0,0.0,0.0
2018-03-12,2018-03-14,long,eod,10423.55,10447.16,10447.16,23.61,1771.07,75,stop_loss,,0.0,0.0,0.0,0.0,0.0,0.0
2018-03-16,2018-03-20,short,eod,10220.05,10106.93,10106.93,113.12,8483.99,75,stop_loss,,0.0,0.0,0.0,0.0,0.0,0.0
2018-03-22,2018-03-26,short,eod,10106.65,9981.96,9981.96,124.69,9352.03,75,stop_loss,,0.0,0.0,0.0,0.0,0.0,0.0
2018-03-27,2018-04-03,long,eod,10183.55,10188.99,10188.99,5.44,408.08,75,stop_loss,,0.0,0.0,0.0,0.0,0.0,0.0
2018-04-04,2018-04-05,short,eod,10119.9,10312.18,10312.18,-192.28,-14420.86,75,stop_loss,,0.0,0.0,0.0,0.0,0.0,0.0
2018-04-09,2018-04-11,long,eod,10373.35,10393.38,10393.38,20.03,1501.95,75,stop_loss,,0.0,0.0,0.0,0.0,0.0,0.0
2018-04-12,2018-04-16,long,eod,10454.15,10488.24,10488.24,34.09,2556.79,75,stop_loss,,0.0,0.0,0.0,0.0,0.0,0.0
2018-04-17,2018-04-19,long,eod,10547.55,10561.42,10561.42,13.87,1040.28,75,stop_loss,,0.0,0.0,0.0,0.0,0.0,0.0
2018-04-20,2018-04-24,long,eod,10579.85,10606.14,10606.14,26.29,1971.44,75,stop_loss,,0.0,0.0,0.0,0.0,0.0,0.0
2018-04-25,2018-04-27,short,eod,10564.55,10591.48,10591.48,-26.93,-2019.7,75,stop_loss,,0.0,0.0,0.0,0.0,0.0,0.0
2018-04-30,2018-05-03,long,eod,10740.9,10751.5,10751.5,10.6,794.88,75,stop_loss,,0.0,0.0,0.0,0.0,0.0,0.0
2018-05-04,2018-05-14,short,eod,10614.85,10816.53,10816.53,-201.68,-15126.16,75,stop_loss,,0.0,0.0,0.0,0.0,0.0,0.0
2018-05-16,2018-05-22,short,eod,10742.75,10537.42,10537.42,205.33,15399.92,75,stop_loss,,0.0,0.0,0.0,0.0,0.0,0.0
2018-05-23,2018-05-25,short,eod,10428.55,10451.51,10451.51,-22.96,-1722.06,75,stop_loss,,0.0,0.0,0.0,0.0,0.0,0.0
2018-05-28,2018-05-30,long,eod,10683.1,10684.6,10684.6,1.5,112.48,75,stop_loss,,0.0,0.0,0.0,0.0,0.0,0.0
2018-05-31,2018-06-04,long,eod,10731.9,10732.36,10732.36,0.46,34.2,75,stop_loss,,0.0,0.0,0.0,0.0,0.0,0.0
2018-06-05,2018-06-07,short,eod,10605.75,10619.56,10619.56,-13.81,-1036.0,75,stop_loss,,0.0,0.0,0.0,0.0,0.0,0.0
2018-06-11,2018-06-14,long,eod,10781.95,10860.37,10860.37,78.42,5881.56,75,stop_loss,,0.0,0.0,0.0,0.0,0.0,0.0
2018-06-19,2018-06-25,short,eod,10711.3,10742.73,10742.73,-31.43,-2357.39,75,stop_loss,,0.0,0.0,0.0,0.0,0.0,0.0
2018-06-27,2018-06-29,short,eod,10667.45,10589.92,10589.92,77.53,5814.39,75,stop_loss,,0.0,0.0,0.0,0.0,0.0,0.0
2018-07-04,2018-07-06,long,eod,10771.65,10753.69,10753.69,-17.96,-1346.86,75,stop_loss,,0.0,0.0,0.0,0.0,0.0,0.0
2018-07-09,2018-07-13,long,eod,10851.05,11044.87,11044.87,193.82,14536.18,75,stop_loss,,0.0,0.0,0.0,0.0,0.0,0.0
2018-07-16,2018-07-18,short,eod,10940.7,10959.33,10959.33,-18.63,-1397.22,75,stop_loss,,0.0,0.0,0.0,0.0,0.0,0.0
2018-07-20,2018-07-31,long,eod,11011.95,11294.07,11294.07,282.12,21158.69,75,stop_loss,,0.0,0.0,0.0,0.0,0.0,0.0
2018-08-02,2018-08-08,short,eod,11238.15,11451.67,11451.67,-213.52,-16014.36,75,stop_loss,,0.0,0.0,0.0,0.0,0.0,0.0
2018-08-09,2018-08-13,long,eod,11471.1,11443.27,11443.27,-27.83,-2087.48,75,stop_loss,,0.0,0.0,0.0,0.0,0.0,0.0
2018-08-14,2018-08-24,long,eod,11433.7,11585.84,11585.84,152.14,11410.34,75,stop_loss,,0.0,0.0,0.0,0.0,0.0,0.0
2018-08-27,2018-08-29,long,eod,11696.8,11724.87,11724.87,28.07,2105.22,75,stop_loss,,0.0,0.0,0.0,0.0,0.0,0.0
2018-09-03,2018-09-05,short,eod,11571.05,11531.89,11531.89,39.16,2936.84,75,stop_loss,,0.0,0.0,0.0,0.0,0.0,0.0
2018-09-07,2018-09-11,long,eod,11586.05,11365.92,11365.92,-220.13,-16510.12,75,stop_loss,,0.0,0.0,0.0,0.0,0.0,0.0
2018-09-14,2018-09-18,long,eod,11510.75,11292.05,11292.05,-218.7,-16402.82,75,stop_loss,,0.0,0.0,0.0,0.0,0.0,0.0
2018-09-19,2018-09-24,short,eod,11237.15,10901.86,10901.86,335.29,25146.92,75,stop_loss,,0.0,0.0,0.0,0.0,0.0,0.0
2018-09-27,2018-10-01,short,eod,10985.95,10882.9,10882.9,103.05,7728.67,75,stop_loss,,0.0,0.0,0.0,0.0,0.0,0.0
2018-10-04,2018-10-08,short,eod,10552.7,10294.34,10294.34,258.36,19376.95,75,stop_loss,,0.0,0.0,0.0,0.0,0.0,0.0
2018-10-10,2018-10-11,long,eod,10462.7,10263.91,10263.91,-198.79,-14909.35,75,stop_loss,,0.0,0.0,0.0,0.0,0.0,0.0
2018-10-12,2018-10-17,long,eod,10465.2,10572.94,10572.94,107.74,8080.18,75,stop_loss,,0.0,0.0,0.0,0.0,0.0,0.0
2018-10-19,2018-10-24,short,eod,10316.55,10132.81,10132.81,183.74,13780.69,75,stop_loss,,0.0,0.0,0.0,0.0,0.0,0.0
2018-10-26,2018-10-29,short,eod,10012.65,10202.89,10202.89,-190.24,-14268.03,75,stop_loss,,0.0,0.0,0.0,0.0,0.0,0.0
2018-10-31,2018-11-05,long,eod,10362.0,10574.33,10574.33,212.33,15924.87,75,stop_loss,,0.0,0.0,0.0,0.0,0.0,0.0
2018-11-07,2018-11-12,long,eod,10600.25,10587.59,10587.59,-12.66,-949.38,75,stop_loss,,0.0,0.0,0.0,0.0,0.0,0.0
2018-11-16,2018-11-20,long,eod,10680.85,10741.93,10741.93,61.08,4580.79,75,stop_loss,,0.0,0.0,0.0,0.0,0.0,0.0
2018-11-21,2018-11-26,short,eod,10605.3,10544.69,10544.69,60.61,4545.79,75,stop_loss,,0.0,0.0,0.0,0.0,0.0,0.0
2018-11-27,2018-11-30,long,eod,10685.25,10847.81,10847.81,162.56,12191.9,75,stop_loss,,0.0,0.0,0.0,0.0,0.0,0.0
2018-12-05,2018-12-07,short,eod,10790.35,10620.06,10620.06,170.29,12771.38,75,stop_loss,,0.0,0.0,0.0,0.0,0.0,0.0
2018-12-10,2018-12-12,short,eod,10477.3,10365.2,10365.2,112.1,8407.31,75,stop_loss,,0.0,0.0,0.0,0.0,0.0,0.0
2018-12-13,2018-12-18,long,eod,10788.5,10867.1,10867.1,78.6,5895.04,75,stop_loss,,0.0,0.0,0.0,0.0,0.0,0.0
2018-12-19,2018-12-21,long,eod,10961.2,10929.06,10929.06,-32.14,-2410.19,75,stop_loss,,0.0,0.0,0.0,0.0,0.0,0.0
2018-12-24,2018-12-27,short,eod,10671.95,10566.45,10566.45,105.5,7912.16,75,stop_loss,,0.0,0.0,0.0,0.0,0.0,0.0
2018-12-28,2019-01-01,long,eod,10858.9,10890.33,10890.33,31.43,2357.3,75,stop_loss,,0.0,0.0,0.0,0.0,0.0,0.0
2019-01-02,2019-01-04,short,eod,10781.9,10694.34,10694.34,87.56,6567.22,75,stop_loss,,0.0,0.0,0.0,0.0,0.0,0.0
2019-01-07,2019-01-09,long,eod,10770.65,10785.85,10785.85,15.2,1139.63,75,stop_loss,,0.0,0.0,0.0,0.0,0.0,0.0
2019-01-11,2019-01-15,short,eod,10783.55,10724.53,10724.53,59.02,4426.7,75,stop_loss,,0.0,0.0,0.0,0.0,0.0,0.0
2019-01-21,2019-01-23,long,eod,10949.4,10916.95,10916.95,-32.45,-2433.7,75,stop_loss,,0.0,0.0,0.0,0.0,0.0,0.0
2019-01-25,2019-01-29,short,eod,10775.45,10663.54,10663.54,111.91,8392.88,75,stop_loss,,0.0,0.0,0.0,0.0,0.0,0.0
2019-01-31,2019-02-04,long,eod,10817.35,10950.3,10950.3,132.95,9971.27,75,stop_loss,,0.0,0.0,0.0,0.0,0.0,0.0
2019-02-05,2019-02-08,long,eod,10935.65,11084.55,11084.55,148.9,11167.22,75,stop_loss,,0.0,0.0,0.0,0.0,0.0,0.0
2019-02-11,2019-02-13,short,eod,10899.9,10856.62,10856.62,43.28,3245.82,75,stop_loss,,0.0,0.0,0.0,0.0,0.0,0.0
2019-02-14,2019-02-18,short,eod,10759.8,10653.31,10653.31,106.49,7986.42,75,stop_loss,,0.0,0.0,0.0,0.0,0.0,0.0
2019-02-19,2019-02-21,short,eod,10605.15,10806.65,10806.65,-201.5,-15112.34,75,stop_loss,,0.0,0.0,0.0,0.0,0.0,0.0
2019-02-25,2019-02-27,long,eod,10879.15,10855.83,10855.83,-23.32,-1748.66,75,stop_loss,,0.0,0.0,0.0,0.0,0.0,0.0
2019-03-05,2019-03-07,long,eod,10985.7,11028.71,11028.71,43.01,3226.07,75,stop_loss,,0.0,0.0,0.0,0.0,0.0,0.0
2019-03-11,2019-03-13,long,eod,11175.85,11286.19,11286.19,110.34,8275.47,75,stop_loss,,0.0,0.0,0.0,0.0,0.0,0.0
2019-03-15,2019-03-19,long,eod,11431.85,11495.51,11495.51,63.66,4774.48,75,stop_loss,,0.0,0.0,0.0,0.0,0.0,0.0
2019-03-22,2019-03-26,short,eod,11462.6,11345.89,11345.89,116.71,8753.56,75,stop_loss,,0.0,0.0,0.0,0.0,0.0,0.0
2019-03-28,2019-04-02,long,eod,11581.5,11701.99,11701.99,120.49,9036.63,75,stop_loss,,0.0,0.0,0.0,0.0,0.0,0.0
2019-04-03,2019-04-05,short,eod,11637.7,11594.33,11594.33,43.37,3252.83,75,stop_loss,,0.0,0.0,0.0,0.0,0.0,0.0
2019-04-08,2019-04-10,short,eod,11600.45,11604.61,11604.61,-4.16,-311.98,75,stop_loss,,0.0,0.0,0.0,0.0,0.0,0.0
2019-04-12,2019-04-18,long,eod,11631.55,11775.27,11775.27,143.72,10778.84,75,stop_loss,,0.0,0.0,0.0,0.0,0.0,0.0
2019-04-22,2019-04-24,short,eod,11591.4,11599.59,11599.59,-8.19,-614.6,75,stop_loss,,0.0,0.0,0.0,0.0,0.0,0.0
2019-05-06,2019-05-10,short,eod,11592.25,11289.32,11289.32,302.93,22720.0,75,stop_loss,,0.0,0.0,0.0,0.0,0.0,0.0
2019-05-13,2019-05-15,short,eod,11154.7,11141.78,11141.78,12.92,969.35,75,stop_loss,,0.0,0.0,0.0,0.0,0.0,0.0
2019-05-17,2019-05-21,long,eod,11417.25,11809.32,11809.32,392.07,29404.91,75,stop_loss,,0.0,0.0,0.0,0.0,0.0,0.0
2019-05-23,2019-05-27,short,eod,11682.5,11693.38,11693.38,-10.88,-815.64,75,stop_loss,,0.0,0.0,0.0,0.0,0.0,0.0
2019-05-29,2019-06-03,short,eod,11861.95,11867.65,11867.65,-5.7,-427.23,75,stop_loss,,0.0,0.0,0.0,0.0,0.0,0.0
2019-06-06,2019-06-10,short,eod,11848.5,11804.96,11804.96,43.54,3265.58,75,stop_loss,,0.0,0.0,0.0,0.0,0.0,0.0
2019-06-14,2019-06-18,short,eod,11810.85,11693.63,11693.63,117.22,8791.8,75,stop_loss,,0.0,0.0,0.0,0.0,0.0,0.0
2019-06-20,2019-06-27,long,eod,11841.9,11835.99,11835.99,-5.91,-443.61,75,stop_loss,,0.0,0.0,0.0,0.0,0.0,0.0
2019-06-28,2019-07-09,short,eod,11793.9,11558.07,11558.07,235.83,17687.21,75,stop_loss,,0.0,0.0,0.0,0.0,0.0,0.0
2019-07-16,2019-07-18,long,eod,11661.05,11671.48,11671.48,10.43,782.27,75,stop_loss,,0.0,0.0,0.0,0.0,0.0,0.0
2019-07-19,2019-07-23,short,eod,11437.15,11335.45,11335.45,101.7,7627.15,75,stop_loss,,0.0,0.0,0.0,0.0,0.0,0.0
2019-07-24,2019-07-26,short,eod,11268.3,11273.42,11273.42,-5.12,-383.93,75,stop_loss,,0.0,0.0,0.0,0.0,0.0,0.0
2019-07-29,2019-07-31,short,eod,11192.15,11106.17,11106.17,85.98,6448.59,75,stop_loss,,0.0,0.0,0.0,0.0,0.0,0.0
2019-08-01,2019-08-05,short,eod,10991.3,10882.1,10882.1,109.2,8190.1,75,stop_loss,,0.0,0.0,0.0,0.0,0.0,0.0
2019-08-06,2019-08-08,long,eod,10931.4,10942.37,10942.37,10.97,823.06,75,stop_loss,,0.0,0.0,0.0,0.0,0.0,0.0
2019-08-09,2019-08-14,long,eod,11111.05,11110.77,11110.77,-0.28,-21.19,75,stop_loss,,0.0,0.0,0.0,0.0,0.0,0.0
2019-08-20,2019-08-23,short,eod,11023.55,10751.11,10751.11,272.44,20433.24,75,stop_loss,,0.0,0.0,0.0,0.0,0.0,0.0
2019-08-26,2019-08-28,long,eod,11057.85,11108.27,11108.27,50.42,3781.87,75,stop_loss,,0.0,0.0,0.0,0.0,0.0,0.0
2019-08-29,2019-09-03,short,eod,10961.4,10907.57,10907.57,53.83,4036.89,75,stop_loss,,0.0,0.0,0.0,0.0,0.0,0.0
2019-09-06,2019-09-12,long,eod,10941.0,11021.49,11021.49,80.49,6036.45,75,stop_loss,,0.0,0.0,0.0,0.0,0.0,0.0
2019-09-17,2019-09-19,short,eod,10826.9,10837.87,10837.87,-10.97,-822.48,75,stop_loss,,0.0,0.0,0.0,0.0,0.0,0.0
2019-09-20,2019-09-24,long,eod,11275.45,11659.32,11659.32,383.87,28790.01,75,stop_loss,,0.0,0.0,0.0,0.0,0.0,0.0
2019-09-25,2019-10-01,short,eod,11431.2,11425.42,11425.42,5.78,433.22,75,stop_loss,,0.0,0.0,0.0,0.0,0.0,0.0
2019-10-04,2019-10-09,short,eod,11163.85,11146.69,11146.69,17.16,1287.0,75,stop_loss,,0.0,0.0,0.0,0.0,0.0,0.0
2019-10-11,2019-10-15,long,eod,11301.25,11386.09,11386.09,84.84,6362.92,75,stop_loss,,0.0,0.0,0.0,0.0,0.0,0.0
2019-10-16,2019-10-18,long,eod,11471.55,11564.05,11564.05,92.5,6937.76,75,stop_loss,,0.0,0.0,0.0,0.0,0.0,0.0
2019-10-29,2019-11-01,long,eod,11790.35,11908.57,11908.57,118.22,8866.26,75,stop_loss,,0.0,0.0,0.0,0.0,0.0,0.0
2019-11-04,2019-11-06,long,eod,11945.15,11942.86,11942.86,-2.29,-171.48,75,stop_loss,,0.0,0.0,0.0,0.0,0.0,0.0
2019-11-07,2019-11-11,long,eod,12016.1,11997.85,11997.85,-18.25,-1368.89,75,stop_loss,,0.0,0.0,0.0,0.0,0.0,0.0
2019-11-13,2019-11-15,short,eod,11835.55,11838.31,11838.31,-2.76,-206.9,75,stop_loss,,0.0,0.0,0.0,0.0,0.0,0.0
2019-11-19,2019-11-21,long,eod,11955.65,12002.38,12002.38,46.73,3505.09,75,stop_loss,,0.0,0.0,0.0,0.0,0.0,0.0
2019-11-22,2019-11-28,short,eod,11916.1,12142.51,12142.51,-226.41,-16980.44,75,stop_loss,,0.0,0.0,0.0,0.0,0.0,0.0
2019-11-29,2019-12-03,short,eod,12048.0,12060.57,12060.57,-12.57,-943.01,75,stop_loss,,0.0,0.0,0.0,0.0,0.0,0.0
2019-12-06,2019-12-10,short,eod,11914.15,11924.07,11924.07,-9.92,-743.64,75,stop_loss,,0.0,0.0,0.0,0.0,0.0,0.0
2019-12-12,2019-12-16,long,eod,11968.7,12061.86,12061.86,93.16,6986.67,75,stop_loss,,0.0,0.0,0.0,0.0,0.0,0.0
2019-12-17,2019-12-19,long,eod,12174.4,12200.84,12200.84,26.44,1982.8,75,stop_loss,,0.0,0.0,0.0,0.0,0.0,0.0
2019-12-20,2019-12-24,long,eod,12267.45,12250.09,12250.09,-17.36,-1302.06,75,stop_loss,,0.0,0.0,0.0,0.0,0.0,0.0
2019-12-26,2020-01-07,short,eod,12130.9,12010.27,12010.27,120.63,9047.02,75,stop_loss,,0.0,0.0,0.0,0.0,0.0,0.0
2020-01-09,2020-01-15,long,eod,12214.45,12336.53,12336.53,122.08,9155.93,75,stop_loss,,0.0,0.0,0.0,0.0,0.0,0.0
2020-01-20,2020-01-22,short,eod,12230.75,12199.04,12199.04,31.71,2378.43,75,stop_loss,,0.0,0.0,0.0,0.0,0.0,0.0
2020-01-24,2020-01-30,long,eod,12252.15,12019.36,12019.36,-232.79,-17459.31,75,stop_loss,,0.0,0.0,0.0,0.0,0.0,0.0
2020-01-31,2020-02-03,short,eod,11966.45,11668.65,11668.65,297.8,22334.91,75,stop_loss,,0.0,0.0,0.0,0.0,0.0,0.0
2020-02-04,2020-02-07,long,eod,11981.3,12123.97,12123.97,142.67,10700.15,75,stop_loss,,0.0,0.0,0.0,0.0,0.0,0.0
2020-02-10,2020-02-19,short,eod,12035.3,11944.02,11944.02,91.28,6845.63,75,stop_loss,,0.0,0.0,0.0,0.0,0.0,0.0
2020-02-24,2020-03-02,short,eod,11835.85,11209.13,11209.13,626.72,47004.24,75,stop_loss,,0.0,0.0,0.0,0.0,0.0,0.0
2020-03-06,2020-03-11,short,eod,10981.0,10326.14,10326.14,654.86,49114.82,75,stop_loss,,0.0,0.0,0.0,0.0,0.0,0.0
2020-03-12,2020-03-13,short,eod,9630.65,9813.63,9813.63,-182.98,-13723.68,75,stop_loss,,0.0,0.0,0.0,0.0,0.0,0.0
2020-03-17,2020-03-19,short,eod,8965.3,8434.08,8434.08,531.22,39841.76,75,stop_loss,,0.0,0.0,0.0,0.0,0.0,0.0
2020-03-20,2020-03-23,long,eod,8744.35,8578.21,8578.21,-166.14,-12460.7,75,stop_loss,,0.0,0.0,0.0,0.0,0.0,0.0
2020-03-25,2020-03-27,long,eod,8300.45,8721.91,8721.91,421.46,31609.17,75,stop_loss,,0.0,0.0,0.0,0.0,0.0,0.0
2020-03-30,2020-03-31,short,eod,8291.7,8449.24,8449.24,-157.54,-11815.67,75,stop_loss,,0.0,0.0,0.0,0.0,0.0,0.0
2020-04-01,2020-04-07,short,eod,8262.65,8080.37,8080.37,182.28,13671.11,75,stop_loss,,0.0,0.0,0.0,0.0,0.0,0.0
2020-04-17,2020-04-21,long,eod,9291.35,9362.03,9362.03,70.68,5300.96,75,stop_loss,,0.0,0.0,0.0,0.0,0.0,0.0
2020-04-22,2020-04-24,long,eod,9193.35,9315.12,9315.12,121.77,9132.79,75,stop_loss,,0.0,0.0,0.0,0.0,0.0,0.0
2020-04-28,2020-05-04,long,eod,9401.7,9859.38,9859.38,457.68,34326.21,75,stop_loss,,0.0,0.0,0.0,0.0,0.0,0.0
2020-05-05,2020-05-07,short,eod,9222.9,9144.7,9144.7,78.2,5864.85,75,stop_loss,,0.0,0.0,0.0,0.0,0.0,0.0
2020-05-12,2020-05-13,short,eod,9209.65,9384.63,9384.63,-174.98,-13123.75,75,stop_loss,,0.0,0.0,0.0,0.0,0.0,0.0
2020-05-14,2020-05-18,short,eod,9150.2,9077.25,9077.25,72.95,5471.23,75,stop_loss,,0.0,0.0,0.0,0.0,0.0,0.0
2020-05-20,2020-05-22,long,eod,9085.15,9150.27,9150.27,65.12,4883.74,75,stop_loss,,0.0,0.0,0.0,0.0,0.0,0.0
2020-05-27,2020-05-29,long,eod,9317.4,9480.97,9480.97,163.57,12267.86,75,stop_loss,,0.0,0.0,0.0,0.0,0.0,0.0
2020-06-01,2020-06-04,long,eod,9812.2,10145.17,10145.17,332.97,24972.97,75,stop_loss,,0.0,0.0,0.0,0.0,0.0,0.0
2020-06-05,2020-06-09,long,eod,10168.2,10296.67,10296.67,128.47,9635.03,75,stop_loss,,0.0,0.0,0.0,0.0,0.0,0.0
2020-06-11,2020-06-15,short,eod,9910.15,9573.58,9573.58,336.57,25242.39,75,stop_loss,,0.0,0.0,0.0,0.0,0.0,0.0
2020-06-18,2020-06-23,long,eod,10091.25,10362.17,10362.17,270.92,20319.0,75,stop_loss,,0.0,0.0,0.0,0.0,0.0,0.0
2020-06-26,2020-07-03,long,eod,10400.85,10565.46,10565.46,164.61,12345.62,75,stop_loss,,0.0,0.0,0.0,0.0,0.0,0.0
2020-07-06,2020-07-08,long,eod,10770.05,10780.91,10780.91,10.86,814.5,75,stop_loss,,0.0,0.0,0.0,0.0,0.0,0.0
2020-07-14,2020-07-15,short,eod,10610.15,10811.74,10811.74,-201.59,-15119.46,75,stop_loss,,0.0,0.0,0.0,0.0,0.0,0.0
2020-07-17,2020-07-22,long,eod,10930.8,11145.56,11145.56,214.76,16107.2,75,stop_loss,,0.0,0.0,0.0,0.0,0.0,0.0
2020-07-23,2020-07-29,long,eod,11234.6,11283.8,11283.8,49.2,3689.76,75,stop_loss,,0.0,0.0,0.0,0.0,0.0,0.0
2020-07-30,2020-08-04,short,eod,11095.15,10915.0,10915.0,180.15,13511.47,75,stop_loss,,0.0,0.0,0.0,0.0,0.0,0.0
2020-08-05,2020-08-07,long,eod,11119.9,11222.38,11222.38,102.48,7686.12,75,stop_loss,,0.0,0.0,0.0,0.0,0.0,0.0
2020-08-10,2020-08-12,long,eod,11274.65,11338.73,11338.73,64.08,4806.11,75,stop_loss,,0.0,0.0,0.0,0.0,0.0,0.0
2020-08-14,2020-08-18,short,eod,11183.05,11178.79,11178.79,4.26,319.8,75,stop_loss,,0.0,0.0,0.0,0.0,0.0,0.0
2020-08-19,2020-08-25,long,eod,11421.35,11462.11,11462.11,40.76,3057.02,75,stop_loss,,0.0,0.0,0.0,0.0,0.0,0.0
2020-08-26,2020-08-31,long,eod,11551.7,11650.99,11650.99,99.29,7446.89,75,stop_loss,,0.0,0.0,0.0,0.0,0.0,0.0
2020-09-04,2020-09-08,short,eod,11358.35,11286.11,11286.11,72.24,5418.22,75,stop_loss,,0.0,0.0,0.0,0.0,0.0,0.0
2020-09-09,2020-09-14,short,eod,11285.75,11500.18,11500.18,-214.43,-16082.19,75,stop_loss,,0.0,0.0,0.0,0.0,0.0,0.0
2020-09-16,2020-09-21,long,eod,11600.05,11379.65,11379.65,-220.4,-16530.07,75,stop_loss,,0.0,0.0,0.0,0.0,0.0,0.0
2020-09-22,2020-09-25,short,eod,11175.5,10823.22,10823.22,352.28,26420.81,75,stop_loss,,0.0,0.0,0.0,0.0,0.0,0.0
2020-09-28,2020-09-30,long,eod,11238.35,11270.89,11270.89,32.54,2440.17,75,stop_loss,,0.0,0.0,0.0,0.0,0.0,0.0
2020-10-01,2020-10-07,long,eod,11422.4,11644.36,11644.36,221.96,16647.13,75,stop_loss,,0.0,0.0,0.0,0.0,0.0,0.0
2020-10-08,2020-10-12,long,eod,11833.15,11902.19,11902.19,69.04,5177.7,75,stop_loss,,0.0,0.0,0.0,0.0,0.0,0.0
2020-10-15,2020-10-19,short,eod,11672.55,11703.46,11703.46,-30.91,-2317.9,75,stop_loss,,0.0,0.0,0.0,0.0,0.0,0.0
2020-10-20,2020-10-22,long,eod,11898.7,11982.05,11982.05,83.35,6250.93,75,stop_loss,,0.0,0.0,0.0,0.0,0.0,0.0
2020-10-26,2020-10-28,short,eod,11776.9,11760.93,11760.93,15.97,1197.96,75,stop_loss,,0.0,0.0,0.0,0.0,0.0,0.0
2020-10-29,2020-11-02,short,eod,11670.7,11570.71,11570.71,99.99,7499.38,75,stop_loss,,0.0,0.0,0.0,0.0,0.0,0.0
2020-11-03,2020-11-11,long,eod,11807.65,12604.42,12604.42,796.77,59757.97,75,stop_loss,,0.0,0.0,0.0,0.0,0.0,0.0
2020-11-14,2020-11-18,long,eod,12767.55,12893.7,12893.7,126.15,9461.44,75,stop_loss,,0.0,0.0,0.0,0.0,0.0,0.0
2020-11-19,2020-11-23,short,eod,12760.6,12768.84,12768.84,-8.24,-618.15,75,stop_loss,,0.0,0.0,0.0,0.0,0.0,0.0
2020-11-24,2020-11-26,long,eod,13075.55,13105.22,13105.22,29.67,2224.95,75,stop_loss,,0.0,0.0,0.0,0.0,0.0,0.0
2020-12-01,2020-12-04,long,eod,13097.85,13175.65,13175.65,77.8,5835.31,75,stop_loss,,0.0,0.0,0.0,0.0,0.0,0.0
2020-12-07,2020-12-10,long,eod,13355.2,13507.9,13507.9,152.7,11452.83,75,stop_loss,,0.0,0.0,0.0,0.0,0.0,0.0
2020-12-11,2020-12-15,long,eod,13505.55,13556.61,13556.61,51.06,3829.34,75,stop_loss,,0.0,0.0,0.0,0.0,0.0,0.0
2020-12-16,2020-12-18,long,eod,13672.75,13731.48,13731.48,58.73,4404.87,75,stop_loss,,0.0,0.0,0.0,0.0,0.0,0.0
2020-12-21,2020-12-23,short,eod,13283.35,13233.48,13233.48,49.87,3740.12,75,stop_loss,,0.0,0.0,0.0,0.0,0.0,0.0
2020-12-24,2020-12-30,long,eod,13740.4,13925.25,13925.25,184.85,13863.64,75,stop_loss,,0.0,0.0,0.0,0.0,0.0,0.0
2021-01-04,2021-01-06,long,eod,14143.65,14172.55,14172.55,28.9,2167.83,75,stop_loss,,0.0,0.0,0.0,0.0,0.0,0.0
2021-01-08,2021-01-12,long,eod,14343.9,14452.96,14452.96,109.06,8179.55,75,stop_loss,,0.0,0.0,0.0,0.0,0.0,0.0
2021-01-15,2021-01-19,short,eod,14434.4,14267.37,14267.37,167.03,12526.94,75,stop_loss,,0.0,0.0,0.0,0.0,0.0,0.0
2021-01-20,2021-01-22,long,eod,14622.45,14709.14,14709.14,86.69,6501.73,75,stop_loss,,0.0,0.0,0.0,0.0,0.0,0.0
2021-01-25,2021-01-29,short,eod,14247.95,13756.25,13756.25,491.7,36877.85,75,stop_loss,,0.0,0.0,0.0,0.0,0.0,0.0
2021-02-01,2021-02-03,long,eod,14335.45,14686.76,14686.76,351.31,26348.04,75,stop_loss,,0.0,0.0,0.0,0.0,0.0,0.0
2021-02-04,2021-02-09,long,eod,14889.5,15113.87,15113.87,224.37,16827.9,75,stop_loss,,0.0,0.0,0.0,0.0,0.0,0.0
2021-02-11,2021-02-16,long,eod,15176.65,15292.33,15292.33,115.68,8676.37,75,stop_loss,,0.0,0.0,0.0,0.0,0.0,0.0
2021-02-17,2021-02-19,short,eod,15196.25,15123.99,15123.99,72.26,5419.78,75,stop_loss,,0.0,0.0,0.0,0.0,0.0,0.0
2021-02-22,2021-02-24,short,eod,14640.9,14919.08,14919.08,-278.18,-20863.28,75,stop_loss,,0.0,0.0,0.0,0.0,0.0,0.0
2021-02-25,2021-02-26,long,eod,15103.8,14816.83,14816.83,-286.97,-21522.92,75,stop_loss,,0.0,0.0,0.0,0.0,0.0,0.0
2021-03-02,2021-03-04,long,eod,14941.8,15225.19,15225.19,283.39,21254.03,75,stop_loss,,0.0,0.0,0.0,0.0,0.0,0.0
2021-03-05,2021-03-09,short,eod,14963.15,14965.81,14965.81,-2.66,-199.74,75,stop_loss,,0.0,0.0,0.0,0.0,0.0,0.0
2021-03-10,2021-03-15,long,eod,15168.15,15286.6,15286.6,118.45,8883.92,75,stop_loss,,0.0,0.0,0.0,0.0,0.0,0.0
2021-03-17,2021-03-19,short,eod,14709.25,14522.79,14522.79,186.46,13984.65,75,stop_loss,,0.0,0.0,0.0,0.0,0.0,0.0
2021-03-23,2021-03-25,long,eod,14807.3,14525.96,14525.96,-281.34,-21100.4,75,stop_loss,,0.0,0.0,0.0,0.0,0.0,0.0
2021-03-30,2021-04-05,long,eod,14855.0,14838.2,14838.2,-16.8,-1259.89,75,stop_loss,,0.0,0.0,0.0,0.0,0.0,0.0
2021-04-07,2021-04-09,long,eod,14808.85,14937.5,14937.5,128.65,9648.95,75,stop_loss,,0.0,0.0,0.0,0.0,0.0,0.0
2021-04-12,2021-04-15,short,eod,14349.6,14319.93,14319.93,29.67,2225.15,75,stop_loss,,0.0,0.0,0.0,0.0,0.0,0.0
2021-04-19,2021-04-22,short,eod,14362.95,14250.17,14250.17,112.78,8458.3,75,stop_loss,,0.0,0.0,0.0,0.0,0.0,0.0
2021-04-26,2021-04-29,long,eod,14489.05,14844.78,14844.78,355.73,26679.87,75,stop_loss,,0.0,0.0,0.0,0.0,0.0,0.0
2021-04-30,2021-05-04,short,eod,14617.55,14460.9,14460.9,156.65,11748.53,75,stop_loss,,0.0,0.0,0.0,0.0,0.0,0.0
2021-05-06,2021-05-11,long,eod,14733.2,14921.9,14921.9,188.7,14152.47,75,stop_loss,,0.0,0.0,0.0,0.0,0.0,0.0
2021-05-12,2021-05-17,short,eod,14698.75,14635.93,14635.93,62.82,4711.77,75,stop_loss,,0.0,0.0,0.0,0.0,0.0,0.0
2021-05-18,2021-05-20,long,eod,15109.4,15087.7,15087.7,-21.7,-1627.45,75,stop_loss,,0.0,0.0,0.0,0.0,0.0,0.0
2021-05-21,2021-05-25,long,eod,15183.55,15210.23,15210.23,26.68,2001.15,75,stop_loss,,0.0,0.0,0.0,0.0,0.0,0.0
2021-05-26,2021-05-31,long,eod,15299.7,15422.74,15422.74,123.04,9228.19,75,stop_loss,,0.0,0.0,0.0,0.0,0.0,0.0
2021-06-03,2021-06-07,long,eod,15688.9,15686.15,15686.15,-2.75,-206.25,75,stop_loss,,0.0,0.0,0.0,0.0,0.0,0.0
2021-06-09,2021-06-15,short,eod,15640.25,15654.57,15654.57,-14.32,-1074.24,75,stop_loss,,0.0,0.0,0.0,0.0,0.0,0.0
2021-06-16,2021-06-18,short,eod,15755.7,15664.75,15664.75,90.95,6820.97,75,stop_loss,,0.0,0.0,0.0,0.0,0.0,0.0
2021-06-22,2021-06-24,long,eod,15765.15,15815.21,15815.21,50.06,3754.62,75,stop_loss,,0.0,0.0,0.0,0.0,0.0,0.0
2021-06-25,2021-06-29,long,eod,15847.6,15867.6,15867.6,20.0,1500.3,75,stop_loss,,0.0,0.0,0.0,0.0,0.0,0.0
2021-07-01,2021-07-05,short,eod,15693.25,15683.21,15683.21,10.04,753.08,75,stop_loss,,0.0,0.0,0.0,0.0,0.0,0.0
2021-07-08,2021-07-12,short,eod,15728.0,15680.35,15680.35,47.65,3573.72,75,stop_loss,,0.0,0.0,0.0,0.0,0.0,0.0
2021-07-13,2021-07-16,long,eod,15807.9,15904.29,15904.29,96.39,7229.52,75,stop_loss,,0.0,0.0,0.0,0.0,0.0,0.0
2021-07-19,2021-07-22,short,eod,15757.9,15625.34,15625.34,132.56,9942.32,75,stop_loss,,0.0,0.0,0.0,0.0,0.0,0.0
2021-07-23,2021-07-27,long,eod,15850.8,15845.67,15845.67,-5.13,-384.75,75,stop_loss,,0.0,0.0,0.0,0.0,0.0,0.0
2021-07-29,2021-08-05,long,eod,15784.85,16241.13,16241.13,456.28,34221.0,75,stop_loss,,0.0,0.0,0.0,0.0,0.0,0.0
2021-08-12,2021-08-16,long,eod,16361.35,16493.57,16493.57,132.22,9916.53,75,stop_loss,,0.0,0.0,0.0,0.0,0.0,0.0
2021-08-17,2021-08-20,long,eod,16605.45,16651.15,16651.15,45.7,3427.22,75,stop_loss,,0.0,0.0,0.0,0.0,0.0,0.0
2021-08-24,2021-08-26,long,eod,16615.75,16661.42,16661.42,45.67,3424.9,75,stop_loss,,0.0,0.0,0.0,0.0,0.0,0.0
2021-08-27,2021-09-01,long,eod,16691.55,17100.44,17100.44,408.89,30667.07,75,stop_loss,,0.0,0.0,0.0,0.0,0.0,0.0
2021-09-02,2021-09-07,long,eod,17233.85,17376.61,17376.61,142.76,10707.25,75,stop_loss,,0.0,0.0,0.0,0.0,0.0,0.0
2021-09-14,2021-09-17,long,eod,17382.0,17591.17,17591.17,209.17,15687.58,75,stop_loss,,0.0,0.0,0.0,0.0,0.0,0.0
2021-09-20,2021-09-22,short,eod,17373.75,17378.48,17378.48,-4.73,-354.71,75,stop_loss,,0.0,0.0,0.0,0.0,0.0,0.0
2021-09-23,2021-09-27,long,eod,17826.3,17893.61,17893.61,67.31,5048.07,75,stop_loss,,0.0,0.0,0.0,0.0,0.0,0.0
2021-09-28,2021-09-30,short,eod,17733.45,17661.58,17661.58,71.87,5390.53,75,stop_loss,,0.0,0.0,0.0,0.0,0.0,0.0
2021-10-01,2021-10-06,short,eod,17526.35,17859.35,17859.35,-333.0,-24975.05,75,stop_loss,,0.0,0.0,0.0,0.0,0.0,0.0
2021-10-08,2021-10-12,long,eod,17907.5,17987.08,17987.08,79.58,5968.23,75,stop_loss,,0.0,0.0,0.0,0.0,0.0,0.0
2021-10-13,2021-10-19,long,eod,18165.75,18487.02,18487.02,321.27,24095.4,75,stop_loss,,0.0,0.0,0.0,0.0,0.0,0.0
2021-10-20,2021-10-22,short,eod,18282.75,18102.9,18102.9,179.85,13489.03,75,stop_loss,,0.0,0.0,0.0,0.0,0.0,0.0
2021-10-26,2021-10-28,long,eod,18308.95,18285.73,18285.73,-23.22,-1741.67,75,stop_loss,,0.0,0.0,0.0,0.0,0.0,0.0
2021-10-29,2021-11-02,short,eod,17708.8,17752.1,17752.1,-43.3,-3247.27,75,stop_loss,,0.0,0.0,0.0,0.0,0.0,0.0
2021-11-03,2021-11-12,short,eod,17833.0,17852.9,17852.9,-19.9,-1492.39,75,stop_loss,,0.0,0.0,0.0,0.0,0.0,0.0
2021-11-16,2021-11-18,short,eod,17964.35,17933.59,17933.59,30.76,2307.01,75,stop_loss,,0.0,0.0,0.0,0.0,0.0,0.0
2021-11-22,2021-11-24,short,eod,17440.0,17268.45,17268.45,171.55,12866.22,75,stop_loss,,0.0,0.0,0.0,0.0,0.0,0.0
2021-11-26,2021-11-30,short,eod,17006.55,16834.3,16834.3,172.25,12918.61,75,stop_loss,,0.0,0.0,0.0,0.0,0.0,0.0
2021-12-02,2021-12-06,long,eod,17401.5,17435.84,17435.84,34.34,2575.13,75,stop_loss,,0.0,0.0,0.0,0.0,0.0,0.0
2021-12-08,2021-12-10,long,eod,17467.85,17487.18,17487.18,19.33,1449.8,75,stop_loss,,0.0,0.0,0.0,0.0,0.0,0.0
2021-12-13,2021-12-15,short,eod,17384.5,17277.83,17277.83,106.67,8000.37,75,stop_loss,,0.0,0.0,0.0,0.0,0.0,0.0
2021-12-17,2021-12-21,short,eod,16994.05,16459.63,16459.63,534.42,40081.41,75,stop_loss,,0.0,0.0,0.0,0.0,0.0,0.0
2021-12-22,2021-12-24,long,eod,16968.1,17066.6,17066.6,98.5,7387.21,75,stop_loss,,0.0,0.0,0.0,0.0,0.0,0.0
2021-12-28,2021-12-30,long,eod,17233.35,17233.89,17233.89,0.54,40.71,75,stop_loss,,0.0,0.0,0.0,0.0,0.0,0.0
2021-12-31,2022-01-05,long,eod,17364.25,17773.82,17773.82,409.57,30717.61,75,stop_loss,,0.0,0.0,0.0,0.0,0.0,0.0
2022-01-06,2022-01-10,short,eod,17746.0,17758.17,17758.17,-12.17,-912.39,75,stop_loss,,0.0,0.0,0.0,0.0,0.0,0.0
2022-01-11,2022-01-13,long,eod,18059.0,18172.67,18172.67,113.67,8525.1,75,stop_loss,,0.0,0.0,0.0,0.0,0.0,0.0
2022-01-17,2022-01-19,long,eod,18309.7,18295.55,18295.55,-14.15,-1061.39,75,stop_loss,,0.0,0.0,0.0,0.0,0.0,0.0
2022-01-20,2022-01-24,short,eod,17782.95,17539.66,17539.66,243.29,18246.63,75,stop_loss,,0.0,0.0,0.0,0.0,0.0,0.0
2022-02-01,2022-02-03,long,eod,17604.65,17740.37,17740.37,135.72,10178.91,75,stop_loss,,0.0,0.0,0.0,0.0,0.0,0.0
2022-02-04,2022-02-08,short,eod,17503.0,17171.71,17171.71,331.29,24846.67,75,stop_loss,,0.0,0.0,0.0,0.0,0.0,0.0
2022-02-09,2022-02-11,long,eod,17471.6,17586.33,17586.33,114.73,8604.92,75,stop_loss,,0.0,0.0,0.0,0.0,0.0,0.0
2022-02-14,2022-02-15,short,eod,16819.7,17139.27,17139.27,-319.57,-23968.07,75,stop_loss,,0.0,0.0,0.0,0.0,0.0,0.0
2022-02-21,2022-02-23,short,eod,17205.75,16898.49,16898.49,307.26,23044.21,75,stop_loss,,0.0,0.0,0.0,0.0,0.0,0.0
2022-02-24,2022-02-25,short,eod,16217.75,16525.89,16525.89,-308.14,-23110.29,75,stop_loss,,0.0,0.0,0.0,0.0,0.0,0.0
2022-02-28,2022-03-03,long,eod,16789.45,16470.45,16470.45,-319.0,-23924.97,75,stop_loss,,0.0,0.0,0.0,0.0,0.0,0.0
2022-03-04,2022-03-08,short,eod,16243.55,15760.84,15760.84,482.71,36203.17,75,stop_loss,,0.0,0.0,0.0,0.0,0.0,0.0
2022-03-09,2022-03-11,long,eod,16366.9,16706.83,16706.83,339.93,25494.65,75,stop_loss,,0.0,0.0,0.0,0.0,0.0,0.0
2022-03-14,2022-03-15,long,eod,16886.4,16565.56,16565.56,-320.84,-24063.12,75,stop_loss,,0.0,0.0,0.0,0.0,0.0,0.0
2022-03-16,2022-03-21,long,eod,16966.35,17292.57,17292.57,326.22,24466.21,75,stop_loss,,0.0,0.0,0.0,0.0,0.0,0.0
2022-03-24,2022-03-28,short,eod,17197.3,17128.28,17128.28,69.02,5176.41,75,stop_loss,,0.0,0.0,0.0,0.0,0.0,0.0
2022-03-29,2022-03-31,long,eod,17335.75,17469.58,17469.58,133.83,10037.52,75,stop_loss,,0.0,0.0,0.0,0.0,0.0,0.0
2022-04-01,2022-04-05,long,eod,17688.35,18032.99,18032.99,344.64,25847.87,75,stop_loss,,0.0,0.0,0.0,0.0,0.0,0.0
2022-04-06,2022-04-08,short,eod,17799.3,17676.97,17676.97,122.33,9174.58,75,stop_loss,,0.0,0.0,0.0,0.0,0.0,0.0
2022-04-12,2022-04-19,short,eod,17519.95,17119.71,17119.71,400.24,30018.34,75,stop_loss,,0.0,0.0,0.0,0.0,0.0,0.0
2022-04-21,2022-04-25,long,eod,17400.1,17069.5,17069.5,-330.6,-24795.14,75,stop_loss,,0.0,0.0,0.0,0.0,0.0,0.0
2022-04-26,2022-04-29,long,eod,17201.45,17270.53,17270.53,69.08,5181.19,75,stop_loss,,0.0,0.0,0.0,0.0,0.0,0.0
2022-05-04,2022-05-09,short,eod,16694.7,16391.48,16391.48,303.22,22741.7,75,stop_loss,,0.0,0.0,0.0,0.0,0.0,0.0
2022-05-12,2022-05-16,short,eod,15826.45,15788.27,15788.27,38.18,2863.26,75,stop_loss,,0.0,0.0,0.0,0.0,0.0,0.0
2022-05-17,2022-05-19,long,eod,16282.6,16350.35,16350.35,67.75,5081.35,75,stop_loss,,0.0,0.0,0.0,0.0,0.0,0.0
2022-05-20,2022-05-24,long,eod,16278.7,16365.11,16365.11,86.41,6480.52,75,stop_loss,,0.0,0.0,0.0,0.0,0.0,0.0
2022-05-25,2022-05-27,short,eod,16037.8,15951.86,15951.86,85.94,6445.32,75,stop_loss,,0.0,0.0,0.0,0.0,0.0,0.0
2022-05-30,2022-06-01,long,eod,16668.2,16640.58,16640.58,-27.62,-2071.65,75,stop_loss,,0.0,0.0,0.0,0.0,0.0,0.0
2022-06-06,2022-06-08,short,eod,16563.65,16396.84,16396.84,166.81,12510.5,75,stop_loss,,0.0,0.0,0.0,0.0,0.0,0.0
2022-06-10,2022-06-14,short,eod,16191.45,15731.45,15731.45,460.0,34499.76,75,stop_loss,,0.0,0.0,0.0,0.0,0.0,0.0
2022-06-16,2022-06-20,short,eod,15348.2,15231.11,15231.11,117.09,8782.0,75,stop_loss,,0.0,0.0,0.0,0.0,0.0,0.0
2022-06-21,2022-06-28,long,eod,15634.15,15878.72,15878.72,244.57,18342.79,75,stop_loss,,0.0,0.0,0.0,0.0,0.0,0.0
2022-07-04,2022-07-06,long,eod,15829.15,15977.67,15977.67,148.52,11139.21,75,stop_loss,,0.0,0.0,0.0,0.0,0.0,0.0
2022-07-07,2022-07-11,long,eod,16136.85,16224.83,16224.83,87.98,6598.43,75,stop_loss,,0.0,0.0,0.0,0.0,0.0,0.0
2022-07-12,2022-07-14,short,eod,16037.75,15998.4,15998.4,39.35,2951.13,75,stop_loss,,0.0,0.0,0.0,0.0,0.0,0.0
2022-07-18,2022-07-21,long,eod,16281.4,16538.24,16538.24,256.84,19262.7,75,stop_loss,,0.0,0.0,0.0,0.0,0.0,0.0
2022-07-22,2022-08-02,long,eod,16714.3,17303.58,17303.58,589.28,44196.23,75,stop_loss,,0.0,0.0,0.0,0.0,0.0,0.0
2022-08-03,2022-08-05,long,eod,17392.9,17436.78,17436.78,43.88,3291.17,75,stop_loss,,0.0,0.0,0.0,0.0,0.0,0.0
2022-08-08,2022-08-12,long,eod,17527.85,17663.5,17663.5,135.65,10173.75,75,stop_loss,,0.0,0.0,0.0,0.0,0.0,0.0
2022-08-16,2022-08-18,long,eod,17828.3,17911.5,17911.5,83.2,6240.29,75,stop_loss,,0.0,0.0,0.0,0.0,0.0,0.0
2022-08-19,2022-08-23,short,eod,17726.95,17520.5,17520.5,206.45,15483.43,75,stop_loss,,0.0,0.0,0.0,0.0,0.0,0.0
2022-08-29,2022-08-30,short,eod,17339.1,17668.54,17668.54,-329.44,-24708.22,75,stop_loss,,0.0,0.0,0.0,0.0,0.0,0.0
2022-09-05,2022-09-07,long,eod,17653.9,17710.71,17710.71,56.81,4260.6,75,stop_loss,,0.0,0.0,0.0,0.0,0.0,0.0
2022-09-08,2022-09-14,long,eod,17800.1,18033.69,18033.69,233.59,17518.96,75,stop_loss,,0.0,0.0,0.0,0.0,0.0,0.0
2022-09-16,2022-09-20,short,eod,17550.1,17483.29,17483.29,66.81,5010.53,75,stop_loss,,0.0,0.0,0.0,0.0,0.0,0.0
2022-09-21,2022-09-23,short,eod,17715.9,17585.3,17585.3,130.6,9795.14,75,stop_loss,,0.0,0.0,0.0,0.0,0.0,0.0
2022-09-26,2022-09-28,short,eod,17027.85,16994.13,16994.13,33.72,2529.01,75,stop_loss,,0.0,0.0,0.0,0.0,0.0,0.0
2022-09-30,2022-10-07,long,eod,17107.2,17376.02,17376.02,268.82,20161.13,75,stop_loss,,0.0,0.0,0.0,0.0,0.0,0.0
2022-10-11,2022-10-13,short,eod,16964.15,17011.38,17011.38,-47.23,-3542.36,75,stop_loss,,0.0,0.0,0.0,0.0,0.0,0.0
2022-10-14,2022-10-19,long,eod,17200.35,17474.82,17474.82,274.47,20585.09,75,stop_loss,,0.0,0.0,0.0,0.0,0.0,0.0
2022-10-24,2022-10-27,long,eod,17738.95,17754.88,17754.88,15.93,1194.38,75,stop_loss,,0.0,0.0,0.0,0.0,0.0,0.0
2022-10-28,2022-11-02,long,eod,17795.95,18120.87,18120.87,324.92,24369.29,75,stop_loss,,0.0,0.0,0.0,0.0,0.0,0.0
2022-11-03,2022-11-07,short,eod,18048.05,18071.55,18071.55,-23.5,-1762.69,75,stop_loss,,0.0,0.0,0.0,0.0,0.0,0.0
2022-11-10,2022-11-14,short,eod,18036.8,18379.5,18379.5,-342.7,-25702.44,75,stop_loss,,0.0,0.0,0.0,0.0,0.0,0.0
2022-11-15,2022-11-17,long,eod,18421.55,18386.33,18386.33,-35.22,-2641.87,75,stop_loss,,0.0,0.0,0.0,0.0,0.0,0.0
2022-11-18,2022-11-22,short,eod,18304.35,18188.3,18188.3,116.05,8703.62,75,stop_loss,,0.0,0.0,0.0,0.0,0.0,0.0
2022-11-24,2022-11-28,long,eod,18510.85,18479.1,18479.1,-31.75,-2381.56,75,stop_loss,,0.0,0.0,0.0,0.0,0.0,0.0
2022-11-30,2022-12-02,long,eod,18776.95,18829.94,18829.94,52.99,3974.26,75,stop_loss,,0.0,0.0,0.0,0.0,0.0,0.0
2022-12-07,2022-12-09,short,eod,18550.75,18592.81,18592.81,-42.06,-3154.62,75,stop_loss,,0.0,0.0,0.0,0.0,0.0,0.0
2022-12-13,2022-12-15,long,eod,18596.75,18639.76,18639.76,43.01,3225.93,75,stop_loss,,0.0,0.0,0.0,0.0,0.0,0.0
2022-12-16,2022-12-20,short,eod,18270.1,18299.38,18299.38,-29.28,-2196.3,75,stop_loss,,0.0,0.0,0.0,0.0,0.0,0.0
2022-12-22,2022-12-26,short,eod,18114.7,17833.79,17833.79,280.91,21068.15,75,stop_loss,,0.0,0.0,0.0,0.0,0.0,0.0
2022-12-27,2022-12-29,long,eod,18136.0,18118.53,18118.53,-17.47,-1310.19,75,stop_loss,,0.0,0.0,0.0,0.0,0.0,0.0
2023-01-03,2023-01-05,long,eod,18234.3,18186.48,18186.48,-47.82,-3586.77,75,stop_loss,,0.0,0.0,0.0,0.0,0.0,0.0
2023-01-06,2023-01-11,short,eod,17865.85,17910.82,17910.82,-44.97,-3372.88,75,stop_loss,,0.0,0.0,0.0,0.0,0.0,0.0
2023-01-13,2023-01-17,long,eod,17950.5,17995.5,17995.5,45.0,3375.08,75,stop_loss,,0.0,0.0,0.0,0.0,0.0,0.0
2023-01-18,2023-01-25,long,eod,18163.8,18146.15,18146.15,-17.65,-1323.92,75,stop_loss,,0.0,0.0,0.0,0.0,0.0,0.0
2023-01-27,2023-01-31,short,eod,17607.9,17458.52,17458.52,149.38,11203.58,75,stop_loss,,0.0,0.0,0.0,0.0,0.0,0.0
2023-02-03,2023-02-09,long,eod,17830.8,17844.85,17844.85,14.05,1054.08,75,stop_loss,,0.0,0.0,0.0,0.0,0.0,0.0
2023-02-13,2023-02-16,short,eod,17764.55,18102.08,18102.08,-337.53,-25314.48,75,stop_loss,,0.0,0.0,0.0,0.0,0.0,0.0
2023-02-17,2023-02-21,short,eod,17942.6,17872.21,17872.21,70.39,5279.53,75,stop_loss,,0.0,0.0,0.0,0.0,0.0,0.0
2023-02-22,2023-02-24,short,eod,17552.5,17509.07,17509.07,43.43,3257.24,75,stop_loss,,0.0,0.0,0.0,0.0,0.0,0.0
2023-02-27,2023-03-01,short,eod,17406.35,17307.67,17307.67,98.68,7401.17,75,stop_loss,,0.0,0.0,0.0,0.0,0.0,0.0
2023-03-02,2023-03-06,short,eod,17318.65,17647.7,17647.7,-329.05,-24679.08,75,stop_loss,,0.0,0.0,0.0,0.0,0.0,0.0
2023-03-09,2023-03-13,short,eod,17582.8,17377.98,17377.98,204.82,15361.65,75,stop_loss,,0.0,0.0,0.0,0.0,0.0,0.0
2023-03-14,2023-03-16,short,eod,17068.65,16991.17,16991.17,77.48,5810.92,75,stop_loss,,0.0,0.0,0.0,0.0,0.0,0.0
2023-03-17,2023-03-23,long,eod,17123.7,17155.53,17155.53,31.83,2387.14,75,stop_loss,,0.0,0.0,0.0,0.0,0.0,0.0
2023-03-24,2023-03-28,short,eod,16932.6,16970.16,16970.16,-37.56,-2816.86,75,stop_loss,,0.0,0.0,0.0,0.0,0.0,0.0
2023-03-29,2023-04-03,long,eod,17116.35,17329.16,17329.16,212.81,15960.46,75,stop_loss,,0.0,0.0,0.0,0.0,0.0,0.0
2023-04-05,2023-04-13,long,eod,17561.0,17770.83,17770.83,209.83,15737.03,75,stop_loss,,0.0,0.0,0.0,0.0,0.0,0.0
2023-04-17,2023-04-19,short,eod,17704.1,17663.58,17663.58,40.52,3038.83,75,stop_loss,,0.0,0.0,0.0,0.0,0.0,0.0
2023-04-24,2023-04-26,long,eod,17748.0,17753.83,17753.83,5.83,437.12,75,stop_loss,,0.0,0.0,0.0,0.0,0.0,0.0
2023-04-27,2023-05-03,long,eod,17923.2,18125.26,18125.26,202.06,15154.54,75,stop_loss,,0.0,0.0,0.0,0.0,0.0,0.0
2023-05-04,2023-05-09,long,eod,18238.6,18231.84,18231.84,-6.76,-507.01,75,stop_loss,,0.0,0.0,0.0,0.0,0.0,0.0
2023-05-15,2023-05-17,long,eod,18384.6,18377.05,18377.05,-7.55,-566.03,75,stop_loss,,0.0,0.0,0.0,0.0,0.0,0.0
2023-05-22,2023-05-24,long,eod,18303.3,18364.39,18364.39,61.09,4581.83,75,stop_loss,,0.0,0.0,0.0,0.0,0.0,0.0
2023-05-26,2023-05-30,long,eod,18491.9,18584.43,18584.43,92.53,6939.67,75,stop_loss,,0.0,0.0,0.0,0.0,0.0,0.0
2023-05-31,2023-06-02,short,eod,18521.3,18520.75,18520.75,0.55,41.55,75,stop_loss,,0.0,0.0,0.0,0.0,0.0,0.0
2023-06-05,2023-06-08,long,eod,18599.9,18682.53,18682.53,82.63,6197.53,75,stop_loss,,0.0,0.0,0.0,0.0,0.0,0.0
2023-06-09,2023-06-13,short,eod,18567.3,18616.48,18616.48,-49.18,-3688.68,75,stop_loss,,0.0,0.0,0.0,0.0,0.0,0.0
2023-06-14,2023-06-16,long,eod,18749.65,18737.52,18737.52,-12.13,-909.88,75,stop_loss,,0.0,0.0,0.0,0.0,0.0,0.0
2023-06-21,2023-06-23,long,eod,18862.1,18829.39,18829.39,-32.71,-2453.11,75,stop_loss,,0.0,0.0,0.0,0.0,0.0,0.0
2023-06-27,2023-07-05,long,eod,18818.6,19375.85,19375.85,557.25,41793.57,75,stop_loss,,0.0,0.0,0.0,0.0,0.0,0.0
2023-07-06,2023-07-10,long,eod,19486.25,19465.03,19465.03,-21.22,-1591.56,75,stop_loss,,0.0,0.0,0.0,0.0,0.0,0.0
2023-07-11,2023-07-13,long,eod,19448.15,19449.18,19449.18,1.03,77.02,75,stop_loss,,0.0,0.0,0.0,0.0,0.0,0.0
2023-07-14,2023-07-19,long,eod,19587.35,19759.99,19759.99,172.64,12948.12,75,stop_loss,,0.0,0.0,0.0,0.0,0.0,0.0
2023-07-20,2023-07-28,long,eod,19969.95,19590.52,19590.52,-379.43,-28457.18,75,stop_loss,,0.0,0.0,0.0,0.0,0.0,0.0
2023-07-31,2023-08-02,long,eod,19742.5,19736.21,19736.21,-6.29,-471.51,75,stop_loss,,0.0,0.0,0.0,0.0,0.0,0.0
2023-08-03,2023-08-16,short,eod,19394.45,19315.97,19315.97,78.48,5885.66,75,stop_loss,,0.0,0.0,0.0,0.0,0.0,0.0
2023-08-18,2023-08-28,short,eod,19281.5,19288.34,19288.34,-6.84,-513.15,75,stop_loss,,0.0,0.0,0.0,0.0,0.0,0.0
2023-08-31,2023-09-04,short,eod,19279.55,19315.92,19315.92,-36.37,-2728.08,75,stop_loss,,0.0,0.0,0.0,0.0,0.0,0.0
2023-09-05,2023-09-07,long,eod,19577.65,19577.54,19577.54,-0.11,-8.2,75,stop_loss,,0.0,0.0,0.0,0.0,0.0,0.0
2023-09-08,2023-09-12,long,eod,19820.5,19948.13,19948.13,127.63,9571.92,75,stop_loss,,0.0,0.0,0.0,0.0,0.0,0.0
2023-09-14,2023-09-18,long,eod,20101.85,20161.78,20161.78,59.93,4494.95,75,stop_loss,,0.0,0.0,0.0,0.0,0.0,0.0
2023-09-20,2023-09-22,short,eod,19909.55,19770.13,19770.13,139.42,10456.28,75,stop_loss,,0.0,0.0,0.0,0.0,0.0,0.0
2023-09-27,2023-09-29,long,eod,19728.2,19707.35,19707.35,-20.85,-1563.75,75,stop_loss,,0.0,0.0,0.0,0.0,0.0,0.0
2023-10-03,2023-10-05,short,eod,19522.95,19391.6,19391.6,131.35,9851.19,75,stop_loss,,0.0,0.0,0.0,0.0,0.0,0.0
2023-10-06,2023-10-12,long,eod,19649.9,19779.68,19779.68,129.78,9733.68,75,stop_loss,,0.0,0.0,0.0,0.0,0.0,0.0
2023-10-13,2023-10-17,short,eod,19730.95,19750.93,19750.93,-19.98,-1498.17,75,stop_loss,,0.0,0.0,0.0,0.0,0.0,0.0
2023-10-18,2023-10-20,short,eod,19668.25,19570.89,19570.89,97.36,7302.22,75,stop_loss,,0.0,0.0,0.0,0.0,0.0,0.0
2023-10-23,2023-10-27,short,eod,19278.45,18894.36,18894.36,384.09,28806.48,75,stop_loss,,0.0,0.0,0.0,0.0,0.0,0.0
2023-10-30,2023-11-01,long,eod,19148.85,19176.0,19176.0,27.15,2036.17,75,stop_loss,,0.0,0.0,0.0,0.0,0.0,0.0
2023-11-02,2023-11-07,long,eod,19144.85,19364.73,19364.73,219.88,16491.08,75,stop_loss,,0.0,0.0,0.0,0.0,0.0,0.0
2023-11-08,2023-11-10,long,eod,19436.45,19405.51,19405.51,-30.94,-2320.63,75,stop_loss,,0.0,0.0,0.0,0.0,0.0,0.0
2023-11-12,2023-11-16,long,eod,19522.3,19634.12,19634.12,111.82,8386.53,75,stop_loss,,0.0,0.0,0.0,0.0,0.0,0.0
2023-11-21,2023-11-24,long,eod,19780.8,19815.52,19815.52,34.72,2604.34,75,stop_loss,,0.0,0.0,0.0,0.0,0.0,0.0
2023-11-28,2023-11-30,long,eod,19908.45,20044.34,20044.34,135.89,10191.45,75,stop_loss,,0.0,0.0,0.0,0.0,0.0,0.0
2023-12-01,2023-12-07,long,eod,20255.75,20899.06,20899.06,643.31,48248.56,75,stop_loss,,0.0,0.0,0.0,0.0,0.0,0.0
2023-12-08,2023-12-12,long,eod,20972.1,20963.02,20963.02,-9.08,-680.87,75,stop_loss,,0.0,0.0,0.0,0.0,0.0,0.0
2023-12-14,2023-12-18,long,eod,21195.25,21427.82,21427.82,232.57,17442.98,75,stop_loss,,0.0,0.0,0.0,0.0,0.0,0.0
2023-12-20,2023-12-22,short,eod,21101.5,21039.73,21039.73,61.77,4632.72,75,stop_loss,,0.0,0.0,0.0,0.0,0.0,0.0
2023-12-26,2023-12-29,long,eod,21454.15,21736.05,21736.05,281.9,21142.17,75,stop_loss,,0.0,0.0,0.0,0.0,0.0,0.0
2024-01-02,2024-01-04,short,eod,21661.5,21564.85,21564.85,96.65,7248.67,75,stop_loss,,0.0,0.0,0.0,0.0,0.0,0.0
2024-01-05,2024-01-09,long,eod,21709.55,21698.66,21698.66,-10.89,-816.89,75,stop_loss,,0.0,0.0,0.0,0.0,0.0,0.0
2024-01-11,2024-01-16,long,eod,21669.4,22049.2,22049.2,379.8,28485.25,75,stop_loss,,0.0,0.0,0.0,0.0,0.0,0.0
2024-01-17,2024-01-19,short,eod,21577.25,21349.41,21349.41,227.84,17088.25,75,stop_loss,,0.0,0.0,0.0,0.0,0.0,0.0
2024-01-23,2024-01-25,short,eod,21243.05,21200.61,21200.61,42.44,3182.88,75,stop_loss,,0.0,0.0,0.0,0.0,0.0,0.0
2024-01-29,2024-01-31,long,eod,21744.8,21747.61,21747.61,2.81,210.81,75,stop_loss,,0.0,0.0,0.0,0.0,0.0,0.0
2024-02-02,2024-02-06,long,eod,21853.3,21898.41,21898.41,45.11,3383.03,75,stop_loss,,0.0,0.0,0.0,0.0,0.0,0.0
2024-02-08,2024-02-12,short,eod,21759.7,21694.79,21694.79,64.91,4868.27,75,stop_loss,,0.0,0.0,0.0,0.0,0.0,0.0
2024-02-14,2024-02-20,long,eod,21848.7,22120.09,22120.09,271.39,20354.25,75,stop_loss,,0.0,0.0,0.0,0.0,0.0,0.0
2024-02-21,2024-02-23,short,eod,22028.75,21940.88,21940.88,87.87,6590.57,75,stop_loss,,0.0,0.0,0.0,0.0,0.0,0.0
2024-02-26,2024-02-28,short,eod,22117.15,22151.91,22151.91,-34.76,-2606.77,75,stop_loss,,0.0,0.0,0.0,0.0,0.0,0.0
2024-03-01,2024-03-05,long,eod,22326.05,22373.58,22373.58,47.53,3564.55,75,stop_loss,,0.0,0.0,0.0,0.0,0.0,0.0
2024-03-06,2024-03-11,long,eod,22480.05,22458.07,22458.07,-21.98,-1648.27,75,stop_loss,,0.0,0.0,0.0,0.0,0.0,0.0
2024-03-13,2024-03-15,short,eod,21981.05,21983.25,21983.25,-2.2,-165.19,75,stop_loss,,0.0,0.0,0.0,0.0,0.0,0.0
2024-03-19,2024-03-21,short,eod,21810.35,21775.33,21775.33,35.02,2626.46,75,stop_loss,,0.0,0.0,0.0,0.0,0.0,0.0
2024-03-27,2024-04-01,long,eod,22147.2,22448.45,22448.45,301.25,22593.9,75,stop_loss,,0.0,0.0,0.0,0.0,0.0,0.0
2024-04-04,2024-04-09,long,eod,22541.2,22629.21,22629.21,88.01,6600.61,75,stop_loss,,0.0,0.0,0.0,0.0,0.0,0.0
2024-04-12,2024-04-18,short,eod,22519.4,22145.69,22145.69,373.71,28028.37,75,stop_loss,,0.0,0.0,0.0,0.0,0.0,0.0
2024-04-22,2024-04-25,long,eod,22370.5,22409.02,22409.02,38.52,2889.05,75,stop_loss,,0.0,0.0,0.0,0.0,0.0,0.0
2024-04-29,2024-05-02,long,eod,22633.15,22715.0,22715.0,81.85,6138.75,75,stop_loss,,0.0,0.0,0.0,0.0,0.0,0.0
2024-05-03,2024-05-07,short,eod,22456.7,22476.68,22476.68,-19.98,-1498.38,75,stop_loss,,0.0,0.0,0.0,0.0,0.0,0.0
2024-05-09,2024-05-13,short,eod,21968.15,22016.15,22016.15,-48.0,-3600.07,75,stop_loss,,0.0,0.0,0.0,0.0,0.0,0.0
2024-05-14,2024-05-16,long,eod,22223.8,22230.66,22230.66,6.86,514.3,75,stop_loss,,0.0,0.0,0.0,0.0,0.0,0.0
2024-05-17,2024-05-21,long,eod,22465.55,22452.29,22452.29,-13.26,-994.47,75,stop_loss,,0.0,0.0,0.0,0.0,0.0,0.0
2024-05-22,2024-05-24,long,eod,22620.5,22924.62,22924.62,304.12,22808.94,75,stop_loss,,0.0,0.0,0.0,0.0,0.0,0.0
2024-05-28,2024-05-31,short,eod,22868.65,22484.25,22484.25,384.4,28829.93,75,stop_loss,,0.0,0.0,0.0,0.0,0.0,0.0
2024-06-03,2024-06-04,long,eod,23305.95,22863.14,22863.14,-442.81,-33210.98,75,stop_loss,,0.0,0.0,0.0,0.0,0.0,0.0
2024-06-06,2024-06-10,long,eod,22849.05,23250.24,23250.24,401.19,30089.21,75,stop_loss,,0.0,0.0,0.0,0.0,0.0,0.0
2024-06-18,2024-06-20,long,eod,23562.3,23593.01,23593.01,30.71,2303.1,75,stop_loss,,0.0,0.0,0.0,0.0,0.0,0.0
2024-06-25,2024-06-27,long,eod,23721.9,23818.23,23818.23,96.33,7224.77,75,stop_loss,,0.0,0.0,0.0,0.0,0.0,0.0
2024-07-03,2024-07-05,long,eod,24290.8,24327.8,24327.8,37.0,2774.77,75,stop_loss,,0.0,0.0,0.0,0.0,0.0,0.0
2024-07-09,2024-07-11,long,eod,24417.25,24387.67,24387.67,-29.58,-2218.74,75,stop_loss,,0.0,0.0,0.0,0.0,0.0,0.0
2024-07-12,2024-07-18,long,eod,24512.4,24587.27,24587.27,74.87,5614.97,75,stop_loss,,0.0,0.0,0.0,0.0,0.0,0.0
2024-07-26,2024-07-30,long,eod,24851.75,24924.75,24924.75,73.0,5475.06,75,stop_loss,,0.0,0.0,0.0,0.0,0.0,0.0
2024-07-31,2024-08-02,long,eod,24979.3,25003.07,25003.07,23.77,1782.38,75,stop_loss,,0.0,0.0,0.0,0.0,0.0,0.0
2024-08-05,2024-08-07,short,eod,24051.8,24032.28,24032.28,19.52,1463.91,75,stop_loss,,0.0,0.0,0.0,0.0,0.0,0.0
2024-08-08,2024-08-16,short,eod,24098.7,24556.58,24556.58,-457.88,-34340.65,75,stop_loss,,0.0,0.0,0.0,0.0,0.0,0.0
2024-08-19,2024-08-21,long,eod,24579.0,24660.1,24660.1,81.1,6082.28,75,stop_loss,,0.0,0.0,0.0,0.0,0.0,0.0
2024-08-22,2024-08-28,long,eod,24810.9,24997.88,24997.88,186.98,14023.55,75,stop_loss,,0.0,0.0,0.0,0.0,0.0,0.0
2024-08-29,2024-09-03,long,eod,25156.75,25257.65,25257.65,100.9,7567.43,75,stop_loss,,0.0,0.0,0.0,0.0,0.0,0.0
2024-09-04,2024-09-09,short,eod,25206.35,24875.7,24875.7,330.65,24798.46,75,stop_loss,,0.0,0.0,0.0,0.0,0.0,0.0
2024-09-10,2024-09-12,long,eod,25052.1,25038.36,25038.36,-13.74,-1030.58,75,stop_loss,,0.0,0.0,0.0,0.0,0.0,0.0
2024-09-18,2024-09-20,short,eod,25343.45,25824.98,25824.98,-481.53,-36114.42,75,stop_loss,,0.0,0.0,0.0,0.0,0.0,0.0
2024-09-23,2024-09-25,long,eod,25930.15,25933.52,25933.52,3.37,252.4,75,stop_loss,,0.0,0.0,0.0,0.0,0.0,0.0
2024-09-26,2024-09-30,long,eod,26184.65,26198.52,26198.52,13.87,1040.1,75,stop_loss,,0.0,0.0,0.0,0.0,0.0,0.0
2024-10-03,2024-10-07,short,eod,25266.0,25041.7,25041.7,224.3,16822.47,75,stop_loss,,0.0,0.0,0.0,0.0,0.0,0.0
2024-10-11,2024-10-17,short,eod,24975.05,24983.18,24983.18,-8.13,-609.4,75,stop_loss,,0.0,0.0,0.0,0.0,0.0,0.0
2024-10-22,2024-10-24,short,eod,24481.75,24451.23,24451.23,30.52,2288.68,75,stop_loss,,0.0,0.0,0.0,0.0,0.0,0.0
2024-10-25,2024-10-29,short,eod,24211.8,24207.3,24207.3,4.5,337.15,75,stop_loss,,0.0,0.0,0.0,0.0,0.0,0.0
2024-10-31,2024-11-05,short,eod,24238.5,23887.6,23887.6,350.9,26317.62,75,stop_loss,,0.0,0.0,0.0,0.0,0.0,0.0
2024-11-06,2024-11-08,long,eod,24493.9,24429.84,24429.84,-64.06,-4804.5,75,stop_loss,,0.0,0.0,0.0,0.0,0.0,0.0
2024-11-12,2024-11-14,short,eod,23842.95,23580.13,23580.13,262.82,19711.59,75,stop_loss,,0.0,0.0,0.0,0.0,0.0,0.0
2024-11-18,2024-11-22,short,eod,23465.3,23332.94,23332.94,132.36,9927.04,75,stop_loss,,0.0,0.0,0.0,0.0,0.0,0.0
2024-11-25,2024-11-27,long,eod,24250.8,24270.27,24270.27,19.47,486.75,25,stop_loss,,0.0,0.0,0.0,0.0,0.0,0.0
2024-11-28,2024-12-02,short,eod,23957.45,23998.93,23998.93,-41.48,-1037.04,25,stop_loss,,0.0,0.0,0.0,0.0,0.0,0.0
2024-12-03,2024-12-05,long,eod,24445.85,24499.48,24499.48,53.63,1340.76,25,stop_loss,,0.0,0.0,0.0,0.0,0.0,0.0
2024-12-12,2024-12-16,short,eod,24539.5,24253.34,24253.34,286.16,7153.94,25,stop_loss,,0.0,0.0,0.0,0.0,0.0,0.0
2024-12-17,2024-12-20,short,eod,24319.35,23941.91,23941.91,377.44,9435.98,25,stop_loss,,0.0,0.0,0.0,0.0,0.0,0.0
2024-12-30,2025-01-01,short,eod,23658.65,23530.83,23530.83,127.82,3195.47,25,stop_loss,,0.0,0.0,0.0,0.0,0.0,0.0
2025-01-02,2025-01-06,long,eod,24167.95,24123.86,24123.86,-44.09,-1102.23,25,stop_loss,,0.0,0.0,0.0,0.0,0.0,0.0
2025-01-10,2025-01-14,short,eod,23437.35,23116.39,23116.39,320.96,8023.96,25,stop_loss,,0.0,0.0,0.0,0.0,0.0,0.0
2025-01-16,2025-01-21,long,eod,23350.8,23320.93,23320.93,-29.87,-746.83,25,stop_loss,,0.0,0.0,0.0,0.0,0.0,0.0
2025-01-23,2025-01-27,long,eod,23216.3,23277.26,23277.26,60.96,1523.95,25,stop_loss,,0.0,0.0,0.0,0.0,0.0,0.0
2025-01-29,2025-02-01,long,eod,23176.2,23476.16,23476.16,299.96,7498.99,25,stop_loss,,0.0,0.0,0.0,0.0,0.0,0.0
2025-02-04,2025-02-06,long,eod,23707.7,23735.88,23735.88,28.18,704.45,25,stop_loss,,0.0,0.0,0.0,0.0,0.0,0.0
2025-02-10,2025-02-12,short,eod,23376.05,23055.61,23055.61,320.44,8011.0,25,stop_loss,,0.0,0.0,0.0,0.0,0.0,0.0
2025-02-14,2025-02-18,short,eod,22897.25,22793.63,22793.63,103.62,2590.59,25,stop_loss,,0.0,0.0,0.0,0.0,0.0,0.0
2025-02-21,2025-02-25,short,eod,22764.35,22586.36,22586.36,177.99,4449.84,25,stop_loss,,0.0,0.0,0.0,0.0,0.0,0.0
2025-02-27,2025-03-03,short,eod,22510.85,22171.16,22171.16,339.69,8492.14,25,stop_loss,,0.0,0.0,0.0,0.0,0.0,0.0
2025-03-05,2025-03-07,long,eod,22346.65,22488.78,22488.78,142.13,3553.27,25,stop_loss,,0.0,0.0,0.0,0.0,0.0,0.0
2025-03-10,2025-03-12,short,eod,22441.1,22381.64,22381.64,59.46,1486.4,25,stop_loss,,0.0,0.0,0.0,0.0,0.0,0.0
2025-03-18,2025-03-21,long,eod,22848.75,23147.05,23147.05,298.3,7457.5,25,stop_loss,,0.0,0.0,0.0,0.0,0.0,0.0
2025-03-24,2025-03-26,long,eod,23674.15,23797.99,23797.99,123.84,3096.03,25,stop_loss,,0.0,0.0,0.0,0.0,0.0,0.0
2025-04-01,2025-04-03,short,eod,23179.7,23227.93,23227.93,-48.23,-1205.63,25,stop_loss,,0.0,0.0,0.0,0.0,0.0,0.0
2025-04-04,2025-04-08,short,eod,22912.05,21808.88,21808.88,1103.17,27579.23,25,stop_loss,,0.0,0.0,0.0,0.0,0.0,0.0
2025-04-11,2025-04-16,long,eod,22844.5,23298.24,23298.24,453.74,11343.62,25,stop_loss,,0.0,0.0,0.0,0.0,0.0,0.0
2025-04-17,2025-04-22,long,eod,23837.75,24116.98,24116.98,279.23,6980.78,25,stop_loss,,0.0,0.0,0.0,0.0,0.0,0.0
2025-04-23,2025-04-25,long,eod,24300.85,24274.81,24274.81,-26.04,-651.09,25,stop_loss,,0.0,0.0,0.0,0.0,0.0,0.0
2025-04-30,2025-05-05,short,eod,24246.25,24311.22,24311.22,-64.97,-1624.14,25,stop_loss,,0.0,0.0,0.0,0.0,0.0,0.0
2025-05-06,2025-05-08,short,eod,24335.9,24292.66,24292.66,43.24,1081.0,25,stop_loss,,0.0,0.0,0.0,0.0,0.0,0.0
2025-05-09,2025-05-12,short,eod,24038.65,24495.38,24495.38,-456.73,-11418.36,25,stop_loss,,0.0,0.0,0.0,0.0,0.0,0.0
2025-05-15,2025-05-19,long,eod,25035.3,24994.79,24994.79,-40.51,-1012.75,25,stop_loss,,0.0,0.0,0.0,0.0,0.0,0.0
2025-05-20,2025-05-23,short,eod,24713.85,24535.79,24535.79,178.06,4451.57,25,stop_loss,,0.0,0.0,0.0,0.0,0.0,0.0
2025-05-26,2025-05-28,long,eod,24996.35,24987.71,24987.71,-8.64,-215.97,25,stop_loss,,0.0,0.0,0.0,0.0,0.0,0.0
2025-05-29,2025-06-06,long,eod,24880.85,24825.15,24825.15,-55.7,-1392.49,25,stop_loss,,0.0,0.0,0.0,0.0,0.0,0.0
2025-06-09,2025-06-11,long,eod,25103.1,25123.7,25123.7,20.6,515.05,25,stop_loss,,0.0,0.0,0.0,0.0,0.0,0.0
2025-06-12,2025-06-16,short,eod,24856.0,24546.42,24546.42,309.58,7739.53,25,stop_loss,,0.0,0.0,0.0,0.0,0.0,0.0
2025-06-18,2025-06-20,short,eod,24798.75,24807.6,24807.6,-8.85,-221.25,25,stop_loss,,0.0,0.0,0.0,0.0,0.0,0.0
2025-06-24,2025-06-30,long,eod,25071.55,25577.24,25577.24,505.69,12642.19,25,stop_loss,,0.0,0.0,0.0,0.0,0.0,0.0
2025-07-02,2025-07-04,short,eod,25442.85,25460.5,25460.5,-17.65,-441.33,25,stop_loss,,0.0,0.0,0.0,0.0,0.0,0.0
2025-07-08,2025-07-10,long,eod,25523.1,25472.05,25472.05,-51.05,-1276.15,25,stop_loss,,0.0,0.0,0.0,0.0,0.0,0.0
2025-07-11,2025-07-15,short,eod,25140.55,25076.96,25076.96,63.59,1589.85,25,stop_loss,,0.0,0.0,0.0,0.0,0.0,0.0
2025-07-17,2025-07-21,short,eod,25109.5,24993.41,24993.41,116.09,2902.35,25,stop_loss,,0.0,0.0,0.0,0.0,0.0,0.0
2025-07-23,2025-07-25,long,eod,25209.2,25170.51,25170.51,-38.69,-967.22,25,stop_loss,,0.0,0.0,0.0,0.0,0.0,0.0
2025-07-28,2025-07-30,short,eod,24673.95,24672.4,24672.4,1.55,38.86,25,stop_loss,,0.0,0.0,0.0,0.0,0.0,0.0
2025-07-31,2025-08-04,short,eod,24765.6,24608.66,24608.66,156.94,3923.62,25,stop_loss,,0.0,0.0,0.0,0.0,0.0,0.0
2025-08-06,2025-08-08,short,eod,24569.6,24417.18,24417.18,152.42,3810.44,25,stop_loss,,0.0,0.0,0.0,0.0,0.0,0.0
2025-08-18,2025-08-20,long,eod,24884.05,24937.61,24937.61,53.56,1339.05,25,stop_loss,,0.0,0.0,0.0,0.0,0.0,0.0
2025-08-22,2025-08-29,short,eod,24869.45,24555.04,24555.04,314.41,7860.13,25,stop_loss,,0.0,0.0,0.0,0.0,0.0,0.0
2025-09-01,2025-09-03,long,eod,24624.3,24681.83,24681.83,57.53,1438.29,25,stop_loss,,0.0,0.0,0.0,0.0,0.0,0.0
2025-09-04,2025-09-08,long,eod,24739.8,24757.85,24757.85,18.05,451.32,25,stop_loss,,0.0,0.0,0.0,0.0,0.0,0.0
2025-09-10,2025-09-15,long,eod,24977.55,25064.03,25064.03,86.48,2162.04,25,stop_loss,,0.0,0.0,0.0,0.0,0.0,0.0
2025-09-16,2025-09-19,long,eod,25254.45,25372.6,25372.6,118.15,2953.83,25,stop_loss,,0.0,0.0,0.0,0.0,0.0,0.0
2025-09-22,2025-09-29,short,eod,25200.2,24703.34,24703.34,496.86,12421.54,25,stop_loss,,0.0,0.0,0.0,0.0,0.0,0.0
2025-10-01,2025-10-08,long,eod,24853.4,25145.24,25145.24,291.84,7295.93,25,stop_loss,,0.0,0.0,0.0,0.0,0.0,0.0
2025-10-10,2025-10-15,long,eod,25278.2,25234.42,25234.42,-43.78,-1094.53,25,stop_loss,,0.0,0.0,0.0,0.0,0.0,0.0
2025-10-16,2025-10-21,long,eod,25566.3,25848.42,25848.42,282.12,7053.04,25,stop_loss,,0.0,0.0,0.0,0.0,0.0,0.0
2025-10-24,2025-11-03,short,eod,25797.45,25788.33,25788.33,9.12,227.91,25,stop_loss,,0.0,0.0,0.0,0.0,0.0,0.0
2025-11-04,2025-11-10,short,eod,25586.25,25394.41,25394.41,191.84,4796.12,25,stop_loss,,0.0,0.0,0.0,0.0,0.0,0.0
2025-11-11,2025-11-13,long,eod,25705.55,25856.75,25856.75,151.2,3779.91,25,stop_loss,,0.0,0.0,0.0,0.0,0.0,0.0
2025-11-17,2025-11-19,long,eod,26014.3,25951.76,25951.76,-62.54,-1563.49,25,stop_loss,,0.0,0.0,0.0,0.0,0.0,0.0
2025-11-20,2025-11-28,long,eod,26197.4,26231.52,26231.52,34.12,852.97,25,stop_loss,,0.0,0.0,0.0,0.0,0.0,0.0
2025-12-02,2025-12-04,short,eod,26057.0,25968.67,25968.67,88.33,2208.18,25,stop_loss,,0.0,0.0,0.0,0.0,0.0,0.0
2025-12-05,2025-12-09,long,eod,26176.65,26100.16,26100.16,-76.49,-1912.15,25,stop_loss,,0.0,0.0,0.0,0.0,0.0,0.0
2025-12-12,2025-12-16,long,eod,26043.0,25969.01,25969.01,-73.99,-1849.79,25,stop_loss,,0.0,0.0,0.0,0.0,0.0,0.0
2025-12-17,2025-12-19,short,eod,25821.8,25803.48,25803.48,18.32,458.03,25,stop_loss,,0.0,0.0,0.0,0.0,0.0,0.0
2025-12-22,2025-12-24,long,eod,26162.75,26154.85,26154.85,-7.9,-197.52,25,stop_loss,,0.0,0.0,0.0,0.0,0.0,0.0
2025-12-26,2025-12-31,short,eod,26047.65,25955.63,25955.63,92.02,2300.4,25,stop_loss,,0.0,0.0,0.0,0.0,0.0,0.0
2026-01-02,2026-01-06,long,eod,26335.7,26294.08,26294.08,-41.62,-1040.49,25,stop_loss,,0.0,0.0,0.0,0.0,0.0,0.0
2026-01-08,2026-01-12,short,eod,25868.9,25699.87,25699.87,169.03,4225.78,25,stop_loss,,0.0,0.0,0.0,0.0,0.0,0.0
2026-01-19,2026-01-21,short,eod,25555.5,25246.86,25246.86,308.64,7715.9,25,stop_loss,,0.0,0.0,0.0,0.0,0.0,0.0
