Entry Date,Exit Date,Direction,Entry,Exit,SL,P&L (pts),P&L (Rs),Lot,Exit Reason,Option,Strike,Entry Prem,Exit Prem,Delta,Opt P&L (pts),Opt P&L (Rs)
2008-03-03,2008-03-11,short,4953.0,4865.9,5002.53,87.1,4355.0,50,time_exit,,0.0,0.0,0.0,0.0,0.0,0.0
2008-03-13,2008-03-14,short,4623.6,4669.84,4669.84,-46.24,-2311.8,50,stop_loss,,0.0,0.0,0.0,0.0,0.0,0.0
2008-03-17,2008-03-18,short,4503.1,4548.13,4548.13,-45.03,-2251.55,50,stop_loss,,0.0,0.0,0.0,0.0,0.0,0.0
2008-03-25,2008-03-26,long,4877.5,4828.73,4828.73,-48.77,-2438.75,50,stop_loss,,0.0,0.0,0.0,0.0,0.0,0.0
2008-03-28,2008-03-31,long,4942.0,4892.58,4892.58,-49.42,-2471.0,50,stop_loss,,0.0,0.0,0.0,0.0,0.0,0.0
2008-04-04,2008-04-07,short,4647.0,4693.47,4693.47,-46.47,-2323.5,50,stop_loss,,0.0,0.0,0.0,0.0,0.0,0.0
2008-04-15,2008-04-23,long,4879.65,5022.8,4830.85,143.15,7157.5,50,time_exit,,0.0,0.0,0.0,0.0,0.0,0.0
2008-04-24,2008-04-25,short,4999.85,5049.85,5049.85,-50.0,-2499.93,50,stop_loss,,0.0,0.0,0.0,0.0,0.0,0.0
2008-04-29,2008-05-06,long,5195.5,5143.54,5143.54,-51.95,-2597.75,50,stop_loss,,0.0,0.0,0.0,0.0,0.0,0.0
2008-05-08,2008-05-15,short,5081.7,5115.25,5132.52,-33.55,-1677.49,50,time_exit,,0.0,0.0,0.0,0.0,0.0,0.0
2008-05-16,2008-05-20,long,5157.7,5106.12,5106.12,-51.58,-2578.85,50,stop_loss,,0.0,0.0,0.0,0.0,0.0,0.0
2008-05-22,2008-05-29,short,5025.45,4835.3,5075.7,190.15,9507.52,50,time_exit,,0.0,0.0,0.0,0.0,0.0,0.0
2008-06-02,2008-06-10,short,4739.6,4449.8,4787.0,289.8,14490.01,50,time_exit,,0.0,0.0,0.0,0.0,0.0,0.0
2008-06-11,2008-06-12,long,4523.6,4478.36,4478.36,-45.24,-2261.8,50,stop_loss,,0.0,0.0,0.0,0.0,0.0,0.0
2008-06-16,2008-06-19,long,4572.5,4526.77,4526.77,-45.73,-2286.25,50,stop_loss,,0.0,0.0,0.0,0.0,0.0,0.0
2008-06-20,2008-06-27,short,4347.55,4136.65,4391.03,210.9,10545.0,50,time_exit,,0.0,0.0,0.0,0.0,0.0,0.0
2008-06-30,2008-07-02,short,4040.55,4080.96,4080.96,-40.41,-2020.28,50,stop_loss,,0.0,0.0,0.0,0.0,0.0,0.0
2008-07-08,2008-07-09,short,3988.55,4028.44,4028.44,-39.89,-1994.28,50,stop_loss,,0.0,0.0,0.0,0.0,0.0,0.0
2008-07-11,2008-07-14,short,4049.0,4089.49,4089.49,-40.49,-2024.5,50,stop_loss,,0.0,0.0,0.0,0.0,0.0,0.0
2008-07-15,2008-07-16,short,3861.1,3899.71,3899.71,-38.61,-1930.55,50,stop_loss,,0.0,0.0,0.0,0.0,0.0,0.0
2008-07-17,2008-07-24,long,3947.2,4433.55,3907.73,486.35,24317.49,50,time_exit,,0.0,0.0,0.0,0.0,0.0,0.0
2008-07-25,2008-08-01,short,4311.85,4354.97,4354.97,-43.12,-2155.93,50,stop_loss,,0.0,0.0,0.0,0.0,0.0,0.0
2008-08-05,2008-08-12,long,4502.85,4552.25,4457.82,49.4,2470.0,50,time_exit,,0.0,0.0,0.0,0.0,0.0,0.0
2008-08-14,2008-08-25,short,4430.7,4335.35,4475.01,95.35,4767.5,50,time_exit,,0.0,0.0,0.0,0.0,0.0,0.0
2008-08-28,2008-08-29,short,4214.0,4256.14,4256.14,-42.14,-2107.0,50,stop_loss,,0.0,0.0,0.0,0.0,0.0,0.0
2008-09-02,2008-09-04,long,4504.0,4458.96,4458.96,-45.04,-2252.0,50,stop_loss,,0.0,0.0,0.0,0.0,0.0,0.0
2008-09-05,2008-09-08,short,4352.3,4395.82,4395.82,-43.52,-2176.15,50,stop_loss,,0.0,0.0,0.0,0.0,0.0,0.0
2008-09-10,2008-09-17,short,4400.25,4008.25,4444.25,392.0,19600.0,50,time_exit,,0.0,0.0,0.0,0.0,0.0,0.0
2008-09-19,2008-09-22,long,4245.25,4202.8,4202.8,-42.45,-2122.63,50,stop_loss,,0.0,0.0,0.0,0.0,0.0,0.0
2008-09-23,2008-09-24,short,4126.9,4168.17,4168.17,-41.27,-2063.45,50,stop_loss,,0.0,0.0,0.0,0.0,0.0,0.0
2008-09-25,2008-10-03,short,4110.55,3818.3,4151.66,292.25,14612.49,50,time_exit,,0.0,0.0,0.0,0.0,0.0,0.0
2008-10-06,2008-10-07,short,3602.35,3638.37,3638.37,-36.02,-1801.18,50,stop_loss,,0.0,0.0,0.0,0.0,0.0,0.0
2008-10-08,2008-10-14,short,3513.65,3548.79,3548.79,-35.14,-1756.82,50,stop_loss,,0.0,0.0,0.0,0.0,0.0,0.0
2008-10-15,2008-10-22,short,3338.4,3065.15,3371.78,273.25,13662.5,50,time_exit,,0.0,0.0,0.0,0.0,0.0,0.0
2008-10-23,2008-11-03,short,2943.15,2972.58,2972.58,-29.43,-1471.57,50,stop_loss,,0.0,0.0,0.0,0.0,0.0,0.0
2008-11-04,2008-11-05,long,3142.1,3110.68,3110.68,-31.42,-1571.05,50,stop_loss,,0.0,0.0,0.0,0.0,0.0,0.0
2008-11-06,2008-11-07,short,2892.65,2921.58,2921.58,-28.93,-1446.32,50,stop_loss,,0.0,0.0,0.0,0.0,0.0,0.0
2008-11-10,2008-11-11,long,3148.25,3116.77,3116.77,-31.48,-1574.13,50,stop_loss,,0.0,0.0,0.0,0.0,0.0,0.0
2008-11-12,2008-11-14,short,2848.45,2876.93,2876.93,-28.48,-1424.22,50,stop_loss,,0.0,0.0,0.0,0.0,0.0,0.0
2008-11-18,2008-11-19,short,2683.15,2709.98,2709.98,-26.83,-1341.57,50,stop_loss,,0.0,0.0,0.0,0.0,0.0,0.0
2008-11-20,2008-11-21,short,2553.15,2578.68,2578.68,-25.53,-1276.57,50,stop_loss,,0.0,0.0,0.0,0.0,0.0,0.0
2008-12-01,2008-12-04,short,2682.9,2709.73,2709.73,-26.83,-1341.45,50,stop_loss,,0.0,0.0,0.0,0.0,0.0,0.0
2008-12-10,2008-12-11,long,2928.25,2898.97,2898.97,-29.28,-1464.12,50,stop_loss,,0.0,0.0,0.0,0.0,0.0,0.0
2008-12-15,2008-12-17,long,2981.2,2951.39,2951.39,-29.81,-1490.6,50,stop_loss,,0.0,0.0,0.0,0.0,0.0,0.0
2008-12-19,2008-12-22,long,3077.5,3046.72,3046.72,-30.78,-1538.75,50,stop_loss,,0.0,0.0,0.0,0.0,0.0,0.0
2008-12-23,2008-12-30,short,2968.65,2998.34,2998.34,-29.69,-1484.32,50,stop_loss,,0.0,0.0,0.0,0.0,0.0,0.0
2009-01-02,2009-01-07,long,3046.75,3016.28,3016.28,-30.47,-1523.38,50,stop_loss,,0.0,0.0,0.0,0.0,0.0,0.0
2009-01-09,2009-01-16,short,2873.0,2828.45,2901.73,44.55,2227.5,50,time_exit,,0.0,0.0,0.0,0.0,0.0,0.0
2009-01-19,2009-01-20,long,2846.2,2817.74,2817.74,-28.46,-1423.1,50,stop_loss,,0.0,0.0,0.0,0.0,0.0,0.0
2009-01-21,2009-01-22,short,2706.15,2733.21,2733.21,-27.06,-1353.07,50,stop_loss,,0.0,0.0,0.0,0.0,0.0,0.0
2009-01-23,2009-01-27,short,2678.55,2705.34,2705.34,-26.79,-1339.28,50,stop_loss,,0.0,0.0,0.0,0.0,0.0,0.0
2009-01-28,2009-01-29,long,2849.5,2821.0,2821.0,-28.49,-1424.75,50,stop_loss,,0.0,0.0,0.0,0.0,0.0,0.0
2009-01-30,2009-02-02,long,2874.8,2846.05,2846.05,-28.75,-1437.4,50,stop_loss,,0.0,0.0,0.0,0.0,0.0,0.0
2009-02-05,2009-02-06,short,2780.05,2807.85,2807.85,-27.8,-1390.03,50,stop_loss,,0.0,0.0,0.0,0.0,0.0,0.0
2009-02-09,2009-02-11,long,2919.9,2890.7,2890.7,-29.2,-1459.95,50,stop_loss,,0.0,0.0,0.0,0.0,0.0,0.0
2009-02-13,2009-02-16,long,2948.35,2918.87,2918.87,-29.48,-1474.18,50,stop_loss,,0.0,0.0,0.0,0.0,0.0,0.0
2009-02-17,2009-02-18,short,2770.5,2798.2,2798.2,-27.7,-1385.25,50,stop_loss,,0.0,0.0,0.0,0.0,0.0,0.0
2009-02-20,2009-02-25,short,2736.45,2763.81,2763.81,-27.36,-1368.22,50,stop_loss,,0.0,0.0,0.0,0.0,0.0,0.0
2009-03-02,2009-03-09,short,2674.6,2573.15,2701.35,101.45,5072.51,50,time_exit,,0.0,0.0,0.0,0.0,0.0,0.0
2009-03-13,2009-03-20,long,2719.25,2807.05,2692.06,87.8,4390.0,50,time_exit,,0.0,0.0,0.0,0.0,0.0,0.0
2009-03-23,2009-03-30,long,2939.9,2978.15,2910.5,38.25,1912.5,50,time_exit,,0.0,0.0,0.0,0.0,0.0,0.0
2009-04-01,2009-04-13,long,3060.35,3382.6,3029.75,322.25,16112.5,50,time_exit,,0.0,0.0,0.0,0.0,0.0,0.0
2009-04-15,2009-04-16,long,3484.15,3449.31,3449.31,-34.84,-1742.07,50,stop_loss,,0.0,0.0,0.0,0.0,0.0,0.0
2009-04-23,2009-04-28,long,3423.7,3389.46,3389.46,-34.24,-1711.85,50,stop_loss,,0.0,0.0,0.0,0.0,0.0,0.0
2009-04-29,2009-05-08,long,3473.95,3620.7,3439.21,146.75,7337.5,50,time_exit,,0.0,0.0,0.0,0.0,0.0,0.0
2009-05-11,2009-05-12,short,3554.6,3590.15,3590.15,-35.55,-1777.3,50,stop_loss,,0.0,0.0,0.0,0.0,0.0,0.0
2009-05-14,2009-05-15,short,3593.45,3629.38,3629.38,-35.93,-1796.72,50,stop_loss,,0.0,0.0,0.0,0.0,0.0,0.0
2009-05-18,2009-05-19,long,4323.15,4279.92,4279.92,-43.23,-2161.57,50,stop_loss,,0.0,0.0,0.0,0.0,0.0,0.0
2009-05-21,2009-05-25,short,4210.9,4253.01,4253.01,-42.11,-2105.45,50,stop_loss,,0.0,0.0,0.0,0.0,0.0,0.0
2009-05-26,2009-05-27,short,4116.7,4157.87,4157.87,-41.17,-2058.35,50,stop_loss,,0.0,0.0,0.0,0.0,0.0,0.0
2009-05-28,2009-06-04,long,4337.1,4572.65,4293.73,235.55,11777.49,50,time_exit,,0.0,0.0,0.0,0.0,0.0,0.0
2009-06-05,2009-06-08,long,4586.9,4541.03,4541.03,-45.87,-2293.45,50,stop_loss,,0.0,0.0,0.0,0.0,0.0,0.0
2009-06-10,2009-06-11,long,4655.25,4608.7,4608.7,-46.55,-2327.62,50,stop_loss,,0.0,0.0,0.0,0.0,0.0,0.0
2009-06-12,2009-06-19,short,4583.4,4313.6,4629.23,269.8,13489.99,50,time_exit,,0.0,0.0,0.0,0.0,0.0,0.0
2009-06-24,2009-06-25,long,4292.95,4250.02,4250.02,-42.93,-2146.48,50,stop_loss,,0.0,0.0,0.0,0.0,0.0,0.0
2009-06-26,2009-06-30,long,4375.5,4331.74,4331.74,-43.76,-2187.75,50,stop_loss,,0.0,0.0,0.0,0.0,0.0,0.0
2009-07-03,2009-07-06,long,4424.25,4380.01,4380.01,-44.24,-2212.13,50,stop_loss,,0.0,0.0,0.0,0.0,0.0,0.0
2009-07-08,2009-07-10,short,4078.9,4119.69,4119.69,-40.79,-2039.45,50,stop_loss,,0.0,0.0,0.0,0.0,0.0,0.0
2009-07-13,2009-07-14,short,3974.05,4013.79,4013.79,-39.74,-1987.03,50,stop_loss,,0.0,0.0,0.0,0.0,0.0,0.0
2009-07-15,2009-07-22,long,4233.5,4398.9,4191.16,165.4,8270.0,50,time_exit,,0.0,0.0,0.0,0.0,0.0,0.0
2009-07-24,2009-07-29,long,4568.55,4522.86,4522.86,-45.69,-2284.27,50,stop_loss,,0.0,0.0,0.0,0.0,0.0,0.0
2009-07-31,2009-08-06,long,4636.45,4590.09,4590.09,-46.36,-2318.23,50,stop_loss,,0.0,0.0,0.0,0.0,0.0,0.0
2009-08-07,2009-08-10,short,4481.4,4526.21,4526.21,-44.81,-2240.7,50,stop_loss,,0.0,0.0,0.0,0.0,0.0,0.0
2009-08-13,2009-08-17,long,4605.0,4558.95,4558.95,-46.05,-2302.5,50,stop_loss,,0.0,0.0,0.0,0.0,0.0,0.0
2009-08-21,2009-08-28,long,4528.8,4732.35,4483.51,203.55,10177.51,50,time_exit,,0.0,0.0,0.0,0.0,0.0,0.0
2009-09-01,2009-09-04,short,4625.35,4671.6,4671.6,-46.25,-2312.68,50,stop_loss,,0.0,0.0,0.0,0.0,0.0,0.0
2009-09-07,2009-09-14,long,4782.9,4808.6,4735.07,25.7,1285.01,50,time_exit,,0.0,0.0,0.0,0.0,0.0,0.0
2009-09-15,2009-09-23,long,4892.1,4969.95,4843.18,77.85,3892.5,50,time_exit,,0.0,0.0,0.0,0.0,0.0,0.0
2009-09-29,2009-10-06,long,5006.85,4956.78,4956.78,-50.07,-2503.43,50,stop_loss,,0.0,0.0,0.0,0.0,0.0,0.0
2009-10-09,2009-10-12,short,4945.2,4994.65,4994.65,-49.45,-2472.6,50,stop_loss,,0.0,0.0,0.0,0.0,0.0,0.0
2009-10-14,2009-10-21,long,5118.2,5067.02,5067.02,-51.18,-2559.1,50,stop_loss,,0.0,0.0,0.0,0.0,0.0,0.0
2009-10-22,2009-10-23,short,4988.6,5038.49,5038.49,-49.89,-2494.3,50,stop_loss,,0.0,0.0,0.0,0.0,0.0,0.0
2009-10-26,2009-11-03,short,4970.9,4563.9,5020.61,407.0,20350.0,50,time_exit,,0.0,0.0,0.0,0.0,0.0,0.0
2009-11-05,2009-11-12,long,4765.55,4952.65,4717.89,187.1,9355.0,50,time_exit,,0.0,0.0,0.0,0.0,0.0,0.0
2009-11-16,2009-11-19,long,5058.05,5007.47,5007.47,-50.58,-2529.02,50,stop_loss,,0.0,0.0,0.0,0.0,0.0,0.0
2009-11-23,2009-11-26,long,5103.55,5052.51,5052.51,-51.04,-2551.77,50,stop_loss,,0.0,0.0,0.0,0.0,0.0,0.0
2009-11-27,2009-11-30,short,4941.75,4991.17,4991.17,-49.42,-2470.88,50,stop_loss,,0.0,0.0,0.0,0.0,0.0,0.0
2009-12-01,2009-12-07,long,5122.0,5070.78,5070.78,-51.22,-2561.0,50,stop_loss,,0.0,0.0,0.0,0.0,0.0,0.0
2009-12-08,2009-12-09,long,5147.95,5096.47,5096.47,-51.48,-2573.98,50,stop_loss,,0.0,0.0,0.0,0.0,0.0,0.0
2009-12-15,2009-12-22,short,5033.05,4985.85,5083.38,47.2,2359.99,50,time_exit,,0.0,0.0,0.0,0.0,0.0,0.0
2009-12-23,2010-01-04,long,5144.6,5232.2,5093.15,87.6,4380.0,50,time_exit,,0.0,0.0,0.0,0.0,0.0,0.0
2010-01-05,2010-01-12,long,5277.9,5225.12,5225.12,-52.78,-2638.95,50,stop_loss,,0.0,0.0,0.0,0.0,0.0,0.0
2010-01-14,2010-01-20,long,5259.9,5207.3,5207.3,-52.6,-2629.95,50,stop_loss,,0.0,0.0,0.0,0.0,0.0,0.0
2010-01-21,2010-01-29,short,5094.15,4882.05,5145.09,212.1,10605.0,50,time_exit,,0.0,0.0,0.0,0.0,0.0,0.0
2010-02-01,2010-02-02,long,4899.7,4850.7,4850.7,-49.0,-2449.85,50,stop_loss,,0.0,0.0,0.0,0.0,0.0,0.0
2010-02-05,2010-02-08,short,4718.65,4765.84,4765.84,-47.19,-2359.32,50,stop_loss,,0.0,0.0,0.0,0.0,0.0,0.0
2010-02-16,2010-02-19,long,4855.75,4807.19,4807.19,-48.56,-2427.87,50,stop_loss,,0.0,0.0,0.0,0.0,0.0,0.0
2010-02-26,2010-03-08,long,4922.3,5124.0,4873.08,201.7,10085.01,50,time_exit,,0.0,0.0,0.0,0.0,0.0,0.0
2010-03-16,2010-03-23,long,5198.1,5225.3,5146.12,27.2,1359.99,50,time_exit,,0.0,0.0,0.0,0.0,0.0,0.0
2010-03-25,2010-04-01,long,5260.4,5290.5,5207.8,30.1,1505.0,50,time_exit,,0.0,0.0,0.0,0.0,0.0,0.0
2010-04-05,2010-04-08,long,5368.4,5314.72,5314.72,-53.68,-2684.2,50,stop_loss,,0.0,0.0,0.0,0.0,0.0,0.0
2010-04-13,2010-04-21,short,5322.95,5244.9,5376.18,78.05,3902.51,50,time_exit,,0.0,0.0,0.0,0.0,0.0,0.0
2010-04-22,2010-04-28,long,5269.35,5216.66,5216.66,-52.69,-2634.68,50,stop_loss,,0.0,0.0,0.0,0.0,0.0,0.0
2010-04-30,2010-05-03,long,5278.0,5225.22,5225.22,-52.78,-2639.0,50,stop_loss,,0.0,0.0,0.0,0.0,0.0,0.0
2010-05-04,2010-05-10,short,5148.5,5199.98,5199.98,-51.48,-2574.25,50,stop_loss,,0.0,0.0,0.0,0.0,0.0,0.0
2010-05-13,2010-05-14,long,5178.9,5127.11,5127.11,-51.79,-2589.45,50,stop_loss,,0.0,0.0,0.0,0.0,0.0,0.0
2010-05-17,2010-05-24,short,5059.9,4943.95,5110.5,115.95,5797.49,50,time_exit,,0.0,0.0,0.0,0.0,0.0,0.0
2010-05-25,2010-05-26,short,4806.75,4854.82,4854.82,-48.07,-2403.38,50,stop_loss,,0.0,0.0,0.0,0.0,0.0,0.0
2010-05-27,2010-06-03,long,5003.1,5110.5,4953.07,107.4,5370.0,50,time_exit,,0.0,0.0,0.0,0.0,0.0,0.0
2010-06-04,2010-06-07,long,5135.5,5084.14,5084.14,-51.36,-2567.75,50,stop_loss,,0.0,0.0,0.0,0.0,0.0,0.0
2010-06-08,2010-06-09,short,4987.1,5036.97,5036.97,-49.87,-2493.55,50,stop_loss,,0.0,0.0,0.0,0.0,0.0,0.0
2010-06-10,2010-06-17,long,5078.6,5274.85,5027.81,196.25,9812.5,50,time_exit,,0.0,0.0,0.0,0.0,0.0,0.0
2010-06-21,2010-06-23,long,5353.3,5299.77,5299.77,-53.53,-2676.65,50,stop_loss,,0.0,0.0,0.0,0.0,0.0,0.0
2010-06-25,2010-06-28,short,5269.05,5321.74,5321.74,-52.69,-2634.52,50,stop_loss,,0.0,0.0,0.0,0.0,0.0,0.0
2010-06-29,2010-06-30,short,5256.15,5308.71,5308.71,-52.56,-2628.07,50,stop_loss,,0.0,0.0,0.0,0.0,0.0,0.0
2010-07-06,2010-07-07,long,5289.05,5236.16,5236.16,-52.89,-2644.52,50,stop_loss,,0.0,0.0,0.0,0.0,0.0,0.0
2010-07-08,2010-07-15,long,5296.85,5378.75,5243.88,81.9,4095.0,50,time_exit,,0.0,0.0,0.0,0.0,0.0,0.0
2010-07-22,2010-07-28,long,5441.95,5387.53,5387.53,-54.42,-2720.98,50,stop_loss,,0.0,0.0,0.0,0.0,0.0,0.0
2010-07-30,2010-08-02,short,5367.6,5421.28,5421.28,-53.68,-2683.8,50,stop_loss,,0.0,0.0,0.0,0.0,0.0,0.0
2010-08-03,2010-08-10,long,5439.55,5460.7,5385.15,21.15,1057.52,50,time_exit,,0.0,0.0,0.0,0.0,0.0,0.0
2010-08-11,2010-08-13,short,5420.6,5474.81,5474.81,-54.21,-2710.3,50,stop_loss,,0.0,0.0,0.0,0.0,0.0,0.0
2010-08-18,2010-08-25,long,5479.15,5462.35,5424.36,-16.8,-839.99,50,time_exit,,0.0,0.0,0.0,0.0,0.0,0.0
2010-08-27,2010-08-30,short,5408.7,5462.79,5462.79,-54.09,-2704.35,50,stop_loss,,0.0,0.0,0.0,0.0,0.0,0.0
2010-09-01,2010-09-08,long,5471.85,5607.85,5417.13,136.0,6800.0,50,time_exit,,0.0,0.0,0.0,0.0,0.0,0.0
2010-09-09,2010-09-17,long,5640.05,5884.95,5583.65,244.9,12245.02,50,time_exit,,0.0,0.0,0.0,0.0,0.0,0.0
2010-09-20,2010-09-27,long,5980.45,6035.65,5920.65,55.2,2759.99,50,time_exit,,0.0,0.0,0.0,0.0,0.0,0.0
2010-10-01,2010-10-08,long,6143.4,6081.97,6081.97,-61.43,-3071.7,50,stop_loss,,0.0,0.0,0.0,0.0,0.0,0.0
2010-10-12,2010-10-13,short,6090.9,6151.81,6151.81,-60.91,-3045.45,50,stop_loss,,0.0,0.0,0.0,0.0,0.0,0.0
2010-10-15,2010-10-19,short,6062.65,6123.28,6123.28,-60.63,-3031.32,50,stop_loss,,0.0,0.0,0.0,0.0,0.0,0.0
2010-10-20,2010-10-21,short,5982.1,6041.92,6041.92,-59.82,-2991.05,50,stop_loss,,0.0,0.0,0.0,0.0,0.0,0.0
2010-10-26,2010-11-02,short,6082.0,6119.0,6142.82,-37.0,-1850.0,50,time_exit,,0.0,0.0,0.0,0.0,0.0,0.0
2010-11-03,2010-11-11,long,6160.5,6194.25,6098.9,33.75,1687.5,50,time_exit,,0.0,0.0,0.0,0.0,0.0,0.0
2010-11-12,2010-11-16,short,6071.65,6132.37,6132.37,-60.72,-3035.82,50,stop_loss,,0.0,0.0,0.0,0.0,0.0,0.0
2010-11-19,2010-11-22,short,5890.3,5949.2,5949.2,-58.9,-2945.15,50,stop_loss,,0.0,0.0,0.0,0.0,0.0,0.0
2010-11-25,2010-11-30,short,5799.75,5857.75,5857.75,-58.0,-2899.88,50,stop_loss,,0.0,0.0,0.0,0.0,0.0,0.0
2010-12-01,2010-12-08,long,5960.9,5901.29,5901.29,-59.61,-2980.45,50,stop_loss,,0.0,0.0,0.0,0.0,0.0,0.0
2010-12-09,2010-12-10,short,5766.5,5824.16,5824.16,-57.66,-2883.25,50,stop_loss,,0.0,0.0,0.0,0.0,0.0,0.0
2010-12-13,2010-12-21,long,5907.65,6000.65,5848.57,93.0,4650.0,50,time_exit,,0.0,0.0,0.0,0.0,0.0,0.0
2010-12-24,2010-12-31,long,6011.6,6134.5,5951.48,122.9,6145.0,50,time_exit,,0.0,0.0,0.0,0.0,0.0,0.0
2011-01-03,2011-01-05,long,6157.6,6096.02,6096.02,-61.58,-3078.8,50,stop_loss,,0.0,0.0,0.0,0.0,0.0,0.0
2011-01-06,2011-01-13,short,6048.25,5751.9,6108.73,296.35,14817.5,50,time_exit,,0.0,0.0,0.0,0.0,0.0,0.0
2011-01-14,2011-01-18,short,5654.55,5711.1,5711.1,-56.55,-2827.27,50,stop_loss,,0.0,0.0,0.0,0.0,0.0,0.0
2011-01-24,2011-01-25,long,5743.25,5685.82,5685.82,-57.43,-2871.62,50,stop_loss,,0.0,0.0,0.0,0.0,0.0,0.0
2011-01-27,2011-02-03,short,5604.3,5526.75,5660.34,77.55,3877.49,50,time_exit,,0.0,0.0,0.0,0.0,0.0,0.0
2011-02-04,2011-02-11,short,5395.75,5310.0,5449.71,85.75,4287.5,50,time_exit,,0.0,0.0,0.0,0.0,0.0,0.0
2011-02-14,2011-02-21,long,5456.0,5518.6,5401.44,62.6,3130.0,50,time_exit,,0.0,0.0,0.0,0.0,0.0,0.0
2011-02-24,2011-02-25,short,5262.7,5315.33,5315.33,-52.63,-2631.35,50,stop_loss,,0.0,0.0,0.0,0.0,0.0,0.0
2011-03-01,2011-03-07,long,5522.3,5467.08,5467.08,-55.22,-2761.15,50,stop_loss,,0.0,0.0,0.0,0.0,0.0,0.0
2011-03-08,2011-03-11,long,5520.8,5465.59,5465.59,-55.21,-2760.4,50,stop_loss,,0.0,0.0,0.0,0.0,0.0,0.0
2011-03-14,2011-03-15,long,5531.5,5476.18,5476.18,-55.31,-2765.75,50,stop_loss,,0.0,0.0,0.0,0.0,0.0,0.0
2011-03-16,2011-03-17,long,5511.15,5456.04,5456.04,-55.11,-2755.57,50,stop_loss,,0.0,0.0,0.0,0.0,0.0,0.0
2011-03-18,2011-03-22,short,5373.7,5427.44,5427.44,-53.74,-2686.85,50,stop_loss,,0.0,0.0,0.0,0.0,0.0,0.0
2011-03-23,2011-03-30,long,5480.25,5787.65,5425.45,307.4,15370.0,50,time_exit,,0.0,0.0,0.0,0.0,0.0,0.0
2011-03-31,2011-04-07,long,5833.75,5885.7,5775.41,51.95,2597.51,50,time_exit,,0.0,0.0,0.0,0.0,0.0,0.0
2011-04-08,2011-04-13,short,5842.0,5900.42,5900.42,-58.42,-2921.0,50,stop_loss,,0.0,0.0,0.0,0.0,0.0,0.0
2011-04-18,2011-04-20,short,5729.1,5786.39,5786.39,-57.29,-2864.55,50,stop_loss,,0.0,0.0,0.0,0.0,0.0,0.0
2011-04-21,2011-04-26,long,5884.7,5825.85,5825.85,-58.85,-2942.35,50,stop_loss,,0.0,0.0,0.0,0.0,0.0,0.0
2011-04-28,2011-05-05,short,5785.45,5459.85,5843.3,325.6,16280.0,50,time_exit,,0.0,0.0,0.0,0.0,0.0,0.0
2011-05-12,2011-05-13,short,5486.15,5541.01,5541.01,-54.86,-2743.07,50,stop_loss,,0.0,0.0,0.0,0.0,0.0,0.0
2011-05-17,2011-05-20,short,5438.95,5493.34,5493.34,-54.39,-2719.48,50,stop_loss,,0.0,0.0,0.0,0.0,0.0,0.0
2011-05-23,2011-05-27,short,5386.55,5440.42,5440.42,-53.87,-2693.27,50,stop_loss,,0.0,0.0,0.0,0.0,0.0,0.0
2011-06-01,2011-06-02,long,5592.0,5536.08,5536.08,-55.92,-2796.0,50,stop_loss,,0.0,0.0,0.0,0.0,0.0,0.0
2011-06-03,2011-06-10,short,5516.75,5485.8,5571.92,30.95,1547.51,50,time_exit,,0.0,0.0,0.0,0.0,0.0,0.0
2011-06-14,2011-06-15,long,5500.5,5445.5,5445.5,-55.01,-2750.25,50,stop_loss,,0.0,0.0,0.0,0.0,0.0,0.0
2011-06-16,2011-06-23,short,5396.75,5320.0,5450.72,76.75,3837.5,50,time_exit,,0.0,0.0,0.0,0.0,0.0,0.0
2011-06-24,2011-07-01,long,5471.25,5627.2,5416.54,155.95,7797.51,50,time_exit,,0.0,0.0,0.0,0.0,0.0,0.0
2011-07-05,2011-07-07,short,5632.1,5688.42,5688.42,-56.32,-2816.05,50,stop_loss,,0.0,0.0,0.0,0.0,0.0,0.0
2011-07-11,2011-07-19,short,5616.1,5613.55,5672.26,2.55,127.51,50,time_exit,,0.0,0.0,0.0,0.0,0.0,0.0
2011-07-21,2011-07-22,short,5541.6,5597.02,5597.02,-55.42,-2770.8,50,stop_loss,,0.0,0.0,0.0,0.0,0.0,0.0
2011-07-25,2011-07-26,long,5680.3,5623.5,5623.5,-56.8,-2840.15,50,stop_loss,,0.0,0.0,0.0,0.0,0.0,0.0
2011-07-27,2011-08-03,short,5546.8,5404.8,5602.27,142.0,7100.0,50,time_exit,,0.0,0.0,0.0,0.0,0.0,0.0
2011-08-04,2011-08-11,short,5331.8,5138.3,5385.12,193.5,9675.0,50,time_exit,,0.0,0.0,0.0,0.0,0.0,0.0
2011-08-12,2011-08-16,short,5072.95,5123.68,5123.68,-50.73,-2536.48,50,stop_loss,,0.0,0.0,0.0,0.0,0.0,0.0
2011-08-18,2011-08-25,short,4944.15,4839.6,4993.59,104.55,5227.49,50,time_exit,,0.0,0.0,0.0,0.0,0.0,0.0
2011-08-26,2011-08-29,short,4747.8,4795.28,4795.28,-47.48,-2373.9,50,stop_loss,,0.0,0.0,0.0,0.0,0.0,0.0
2011-08-30,2011-09-06,long,5001.0,4950.99,4950.99,-50.01,-2500.5,50,stop_loss,,0.0,0.0,0.0,0.0,0.0,0.0
2011-09-07,2011-09-09,long,5124.65,5073.4,5073.4,-51.25,-2562.32,50,stop_loss,,0.0,0.0,0.0,0.0,0.0,0.0
2011-09-12,2011-09-13,short,4946.8,4996.27,4996.27,-49.47,-2473.4,50,stop_loss,,0.0,0.0,0.0,0.0,0.0,0.0
2011-09-15,2011-09-19,long,5075.7,5024.94,5024.94,-50.76,-2537.85,50,stop_loss,,0.0,0.0,0.0,0.0,0.0,0.0
2011-09-20,2011-09-22,long,5140.2,5088.8,5088.8,-51.4,-2570.1,50,stop_loss,,0.0,0.0,0.0,0.0,0.0,0.0
2011-09-23,2011-09-27,short,4867.75,4916.43,4916.43,-48.68,-2433.87,50,stop_loss,,0.0,0.0,0.0,0.0,0.0,0.0
2011-09-29,2011-09-30,long,5015.45,4965.3,4965.3,-50.15,-2507.73,50,stop_loss,,0.0,0.0,0.0,0.0,0.0,0.0
2011-10-03,2011-10-07,short,4849.5,4898.0,4898.0,-48.49,-2424.75,50,stop_loss,,0.0,0.0,0.0,0.0,0.0,0.0
2011-10-10,2011-10-17,long,4979.6,5118.25,4929.8,138.65,6932.5,50,time_exit,,0.0,0.0,0.0,0.0,0.0,0.0
2011-10-18,2011-10-19,short,5037.5,5087.88,5087.88,-50.38,-2518.75,50,stop_loss,,0.0,0.0,0.0,0.0,0.0,0.0
2011-10-25,2011-11-03,long,5191.6,5265.75,5139.68,74.15,3707.5,50,time_exit,,0.0,0.0,0.0,0.0,0.0,0.0
2011-11-04,2011-11-09,long,5284.2,5231.36,5231.36,-52.84,-2642.1,50,stop_loss,,0.0,0.0,0.0,0.0,0.0,0.0
2011-11-11,2011-11-14,short,5168.85,5220.54,5220.54,-51.69,-2584.43,50,stop_loss,,0.0,0.0,0.0,0.0,0.0,0.0
2011-11-15,2011-11-22,short,5068.5,4812.35,5119.19,256.15,12807.5,50,time_exit,,0.0,0.0,0.0,0.0,0.0,0.0
2011-11-23,2011-11-25,short,4706.45,4753.51,4753.51,-47.06,-2353.23,50,stop_loss,,0.0,0.0,0.0,0.0,0.0,0.0
2011-11-28,2011-11-29,long,4851.3,4802.79,4802.79,-48.51,-2425.65,50,stop_loss,,0.0,0.0,0.0,0.0,0.0,0.0
2011-12-01,2011-12-09,long,4936.85,4887.48,4887.48,-49.37,-2468.43,50,stop_loss,,0.0,0.0,0.0,0.0,0.0,0.0
2011-12-12,2011-12-13,short,4764.6,4812.25,4812.25,-47.65,-2382.3,50,stop_loss,,0.0,0.0,0.0,0.0,0.0,0.0
2011-12-15,2011-12-16,short,4746.35,4793.81,4793.81,-47.46,-2373.18,50,stop_loss,,0.0,0.0,0.0,0.0,0.0,0.0
2011-12-19,2011-12-21,short,4613.1,4659.23,4659.23,-46.13,-2306.55,50,stop_loss,,0.0,0.0,0.0,0.0,0.0,0.0
2011-12-22,2011-12-28,long,4733.85,4686.51,4686.51,-47.34,-2366.93,50,stop_loss,,0.0,0.0,0.0,0.0,0.0,0.0
2011-12-29,2012-01-03,short,4646.25,4692.71,4692.71,-46.46,-2323.12,50,stop_loss,,0.0,0.0,0.0,0.0,0.0,0.0
2012-01-10,2012-01-17,long,4849.55,4967.3,4801.05,117.75,5887.5,50,time_exit,,0.0,0.0,0.0,0.0,0.0,0.0
2012-01-19,2012-01-27,long,5018.4,5204.7,4968.22,186.3,9315.01,50,time_exit,,0.0,0.0,0.0,0.0,0.0,0.0
2012-01-30,2012-01-31,short,5087.3,5138.17,5138.17,-50.87,-2543.65,50,stop_loss,,0.0,0.0,0.0,0.0,0.0,0.0
2012-02-01,2012-02-08,long,5235.7,5368.15,5183.34,132.45,6622.49,50,time_exit,,0.0,0.0,0.0,0.0,0.0,0.0
2012-02-09,2012-02-10,long,5412.35,5358.23,5358.23,-54.12,-2706.18,50,stop_loss,,0.0,0.0,0.0,0.0,0.0,0.0
2012-02-15,2012-02-23,long,5531.95,5476.63,5476.63,-55.32,-2765.98,50,stop_loss,,0.0,0.0,0.0,0.0,0.0,0.0
2012-02-24,2012-03-02,short,5429.3,5359.35,5483.59,69.95,3497.49,50,time_exit,,0.0,0.0,0.0,0.0,0.0,0.0
2012-03-05,2012-03-06,short,5280.35,5333.15,5333.15,-52.8,-2640.18,50,stop_loss,,0.0,0.0,0.0,0.0,0.0,0.0
2012-03-09,2012-03-16,long,5333.55,5317.9,5280.21,-15.65,-782.5,50,time_exit,,0.0,0.0,0.0,0.0,0.0,0.0
2012-03-19,2012-03-21,short,5257.05,5309.62,5309.62,-52.57,-2628.52,50,stop_loss,,0.0,0.0,0.0,0.0,0.0,0.0
2012-03-22,2012-03-23,short,5228.45,5280.73,5280.73,-52.28,-2614.23,50,stop_loss,,0.0,0.0,0.0,0.0,0.0,0.0
2012-03-26,2012-03-27,short,5184.25,5236.09,5236.09,-51.84,-2592.12,50,stop_loss,,0.0,0.0,0.0,0.0,0.0,0.0
2012-03-30,2012-04-09,long,5295.55,5242.59,5242.59,-52.96,-2647.77,50,stop_loss,,0.0,0.0,0.0,0.0,0.0,0.0
2012-04-12,2012-04-13,long,5276.85,5224.08,5224.08,-52.77,-2638.43,50,stop_loss,,0.0,0.0,0.0,0.0,0.0,0.0
2012-04-17,2012-04-23,long,5289.7,5236.8,5236.8,-52.9,-2644.85,50,stop_loss,,0.0,0.0,0.0,0.0,0.0,0.0
2012-04-30,2012-05-03,long,5248.15,5195.67,5195.67,-52.48,-2624.07,50,stop_loss,,0.0,0.0,0.0,0.0,0.0,0.0
2012-05-04,2012-05-11,short,5086.85,4928.9,5137.72,157.95,7897.51,50,time_exit,,0.0,0.0,0.0,0.0,0.0,0.0
2012-05-16,2012-05-17,short,4858.25,4906.83,4906.83,-48.58,-2429.13,50,stop_loss,,0.0,0.0,0.0,0.0,0.0,0.0
2012-05-23,2012-05-24,short,4835.65,4884.01,4884.01,-48.36,-2417.82,50,stop_loss,,0.0,0.0,0.0,0.0,0.0,0.0
2012-05-28,2012-05-31,long,4985.65,4935.79,4935.79,-49.86,-2492.82,50,stop_loss,,0.0,0.0,0.0,0.0,0.0,0.0
2012-06-01,2012-06-05,short,4841.6,4890.02,4890.02,-48.42,-2420.8,50,stop_loss,,0.0,0.0,0.0,0.0,0.0,0.0
2012-06-06,2012-06-13,long,4997.1,5121.45,4947.13,124.35,6217.5,50,time_exit,,0.0,0.0,0.0,0.0,0.0,0.0
2012-06-14,2012-06-15,short,5054.75,5105.3,5105.3,-50.55,-2527.37,50,stop_loss,,0.0,0.0,0.0,0.0,0.0,0.0
2012-06-18,2012-06-20,short,5064.25,5114.89,5114.89,-50.64,-2532.12,50,stop_loss,,0.0,0.0,0.0,0.0,0.0,0.0
2012-06-21,2012-06-22,long,5165.0,5113.35,5113.35,-51.65,-2582.5,50,stop_loss,,0.0,0.0,0.0,0.0,0.0,0.0
2012-06-27,2012-07-04,long,5141.9,5302.55,5090.48,160.65,8032.5,50,time_exit,,0.0,0.0,0.0,0.0,0.0,0.0
2012-07-05,2012-07-09,long,5327.3,5274.03,5274.03,-53.27,-2663.65,50,stop_loss,,0.0,0.0,0.0,0.0,0.0,0.0
2012-07-10,2012-07-12,long,5345.35,5291.9,5291.9,-53.45,-2672.68,50,stop_loss,,0.0,0.0,0.0,0.0,0.0,0.0
2012-07-16,2012-07-19,short,5197.25,5249.22,5249.22,-51.97,-2598.62,50,stop_loss,,0.0,0.0,0.0,0.0,0.0,0.0
2012-07-20,2012-07-27,short,5205.1,5099.85,5257.15,105.25,5262.5,50,time_exit,,0.0,0.0,0.0,0.0,0.0,0.0
2012-07-30,2012-08-06,long,5199.8,5282.55,5147.8,82.75,4137.5,50,time_exit,,0.0,0.0,0.0,0.0,0.0,0.0
2012-08-07,2012-08-14,long,5336.7,5380.35,5283.33,43.65,2182.5,50,time_exit,,0.0,0.0,0.0,0.0,0.0,0.0
2012-08-21,2012-08-27,long,5421.0,5366.79,5366.79,-54.21,-2710.5,50,stop_loss,,0.0,0.0,0.0,0.0,0.0,0.0
2012-08-29,2012-08-30,short,5287.8,5340.68,5340.68,-52.88,-2643.9,50,stop_loss,,0.0,0.0,0.0,0.0,0.0,0.0
2012-09-05,2012-09-07,short,5225.7,5277.96,5277.96,-52.26,-2612.85,50,stop_loss,,0.0,0.0,0.0,0.0,0.0,0.0
2012-09-10,2012-09-17,long,5363.45,5610.0,5309.82,246.55,12327.49,50,time_exit,,0.0,0.0,0.0,0.0,0.0,0.0
2012-09-20,2012-09-21,short,5554.25,5609.79,5609.79,-55.54,-2777.13,50,stop_loss,,0.0,0.0,0.0,0.0,0.0,0.0
2012-09-28,2012-10-05,long,5703.3,5646.27,5646.27,-57.03,-2851.65,50,stop_loss,,0.0,0.0,0.0,0.0,0.0,0.0
2012-10-10,2012-10-11,short,5652.15,5708.67,5708.67,-56.52,-2826.07,50,stop_loss,,0.0,0.0,0.0,0.0,0.0,0.0
2012-10-16,2012-10-18,short,5648.0,5704.48,5704.48,-56.48,-2824.0,50,stop_loss,,0.0,0.0,0.0,0.0,0.0,0.0
2012-10-22,2012-10-29,long,5717.15,5659.98,5659.98,-57.17,-2858.57,50,stop_loss,,0.0,0.0,0.0,0.0,0.0,0.0
2012-10-30,2012-11-02,short,5597.9,5653.88,5653.88,-55.98,-2798.95,50,stop_loss,,0.0,0.0,0.0,0.0,0.0,0.0
2012-11-06,2012-11-12,long,5724.4,5667.16,5667.16,-57.24,-2862.2,50,stop_loss,,0.0,0.0,0.0,0.0,0.0,0.0
2012-11-15,2012-11-22,short,5631.0,5627.75,5687.31,3.25,162.5,50,time_exit,,0.0,0.0,0.0,0.0,0.0,0.0
2012-11-27,2012-12-05,long,5727.45,5900.5,5670.18,173.05,8652.49,50,time_exit,,0.0,0.0,0.0,0.0,0.0,0.0
2012-12-06,2012-12-11,long,5930.9,5871.59,5871.59,-59.31,-2965.45,50,stop_loss,,0.0,0.0,0.0,0.0,0.0,0.0
2012-12-13,2012-12-19,short,5851.5,5910.02,5910.02,-58.52,-2925.75,50,stop_loss,,0.0,0.0,0.0,0.0,0.0,0.0
2012-12-21,2012-12-26,short,5847.7,5906.18,5906.18,-58.48,-2923.85,50,stop_loss,,0.0,0.0,0.0,0.0,0.0,0.0
2013-01-02,2013-01-09,long,5993.25,5971.5,5933.32,-21.75,-1087.5,50,time_exit,,0.0,0.0,0.0,0.0,0.0,0.0
2013-01-14,2013-01-21,long,6024.05,6082.3,5963.81,58.25,2912.5,50,time_exit,,0.0,0.0,0.0,0.0,0.0,0.0
2013-01-22,2013-01-29,short,6048.5,6108.98,6108.98,-60.48,-3024.25,50,stop_loss,,0.0,0.0,0.0,0.0,0.0,0.0
2013-01-31,2013-02-07,short,6034.75,5938.8,6095.1,95.95,4797.51,50,time_exit,,0.0,0.0,0.0,0.0,0.0,0.0
2013-02-08,2013-02-13,short,5903.5,5962.54,5962.54,-59.03,-2951.75,50,stop_loss,,0.0,0.0,0.0,0.0,0.0,0.0
2013-02-14,2013-02-20,short,5896.95,5955.92,5955.92,-58.97,-2948.48,50,stop_loss,,0.0,0.0,0.0,0.0,0.0,0.0
2013-02-21,2013-02-28,short,5852.25,5693.05,5910.77,159.2,7960.01,50,time_exit,,0.0,0.0,0.0,0.0,0.0,0.0
2013-03-05,2013-03-12,long,5784.25,5914.1,5726.41,129.85,6492.5,50,time_exit,,0.0,0.0,0.0,0.0,0.0,0.0
2013-03-13,2013-03-14,short,5851.2,5909.71,5909.71,-58.51,-2925.6,50,stop_loss,,0.0,0.0,0.0,0.0,0.0,0.0
2013-03-18,2013-03-25,short,5835.25,5633.85,5893.6,201.4,10070.0,50,time_exit,,0.0,0.0,0.0,0.0,0.0,0.0
2013-03-28,2013-04-04,long,5682.55,5625.72,5625.72,-56.83,-2841.27,50,stop_loss,,0.0,0.0,0.0,0.0,0.0,0.0
2013-04-05,2013-04-11,short,5553.25,5608.78,5608.78,-55.53,-2776.63,50,stop_loss,,0.0,0.0,0.0,0.0,0.0,0.0
2013-04-12,2013-04-15,short,5528.55,5583.84,5583.84,-55.29,-2764.27,50,stop_loss,,0.0,0.0,0.0,0.0,0.0,0.0
2013-04-16,2013-04-25,long,5688.95,5916.3,5632.06,227.35,11367.48,50,time_exit,,0.0,0.0,0.0,0.0,0.0,0.0
2013-04-30,2013-05-08,long,5930.2,6069.3,5870.9,139.1,6954.98,50,time_exit,,0.0,0.0,0.0,0.0,0.0,0.0
2013-05-10,2013-05-13,long,6094.75,6033.8,6033.8,-60.95,-3047.38,50,stop_loss,,0.0,0.0,0.0,0.0,0.0,0.0
2013-05-15,2013-05-22,long,6146.75,6085.28,6085.28,-61.47,-3073.37,50,stop_loss,,0.0,0.0,0.0,0.0,0.0,0.0
2013-05-23,2013-05-27,short,5967.05,6026.72,6026.72,-59.67,-2983.52,50,stop_loss,,0.0,0.0,0.0,0.0,0.0,0.0
2013-05-28,2013-05-31,long,6111.25,6050.14,6050.14,-61.11,-3055.63,50,stop_loss,,0.0,0.0,0.0,0.0,0.0,0.0
2013-06-03,2013-06-10,short,5939.3,5878.0,5998.69,61.3,3064.99,50,time_exit,,0.0,0.0,0.0,0.0,0.0,0.0
2013-06-11,2013-06-17,short,5788.8,5846.69,5846.69,-57.89,-2894.4,50,stop_loss,,0.0,0.0,0.0,0.0,0.0,0.0
2013-06-20,2013-06-27,short,5655.9,5682.35,5712.46,-26.45,-1322.51,50,time_exit,,0.0,0.0,0.0,0.0,0.0,0.0
2013-06-28,2013-07-03,long,5842.2,5783.78,5783.78,-58.42,-2921.1,50,stop_loss,,0.0,0.0,0.0,0.0,0.0,0.0
2013-07-04,2013-07-08,long,5836.95,5778.58,5778.58,-58.37,-2918.48,50,stop_loss,,0.0,0.0,0.0,0.0,0.0,0.0
2013-07-09,2013-07-16,long,5859.0,5955.25,5800.41,96.25,4812.5,50,time_exit,,0.0,0.0,0.0,0.0,0.0,0.0
2013-07-17,2013-07-24,long,5973.3,5990.5,5913.57,17.2,860.01,50,time_exit,,0.0,0.0,0.0,0.0,0.0,0.0
2013-07-25,2013-08-01,short,5907.5,5727.85,5966.58,179.65,8982.5,50,time_exit,,0.0,0.0,0.0,0.0,0.0,0.0
2013-08-06,2013-08-12,short,5542.25,5597.67,5597.67,-55.42,-2771.12,50,stop_loss,,0.0,0.0,0.0,0.0,0.0,0.0
2013-08-13,2013-08-16,long,5699.3,5642.31,5642.31,-56.99,-2849.65,50,stop_loss,,0.0,0.0,0.0,0.0,0.0,0.0
2013-08-19,2013-08-21,short,5414.75,5468.9,5468.9,-54.15,-2707.38,50,stop_loss,,0.0,0.0,0.0,0.0,0.0,0.0
2013-08-23,2013-08-27,long,5471.75,5417.03,5417.03,-54.72,-2735.87,50,stop_loss,,0.0,0.0,0.0,0.0,0.0,0.0
2013-08-29,2013-09-03,long,5409.05,5354.96,5354.96,-54.09,-2704.52,50,stop_loss,,0.0,0.0,0.0,0.0,0.0,0.0
2013-09-05,2013-09-13,long,5592.95,5850.6,5537.02,257.65,12882.5,50,time_exit,,0.0,0.0,0.0,0.0,0.0,0.0
2013-09-18,2013-09-25,long,5899.45,5840.46,5840.46,-58.99,-2949.73,50,stop_loss,,0.0,0.0,0.0,0.0,0.0,0.0
2013-09-27,2013-10-03,short,5833.2,5891.53,5891.53,-58.33,-2916.6,50,stop_loss,,0.0,0.0,0.0,0.0,0.0,0.0
2013-10-08,2013-10-15,long,5928.4,6089.05,5869.12,160.65,8032.5,50,time_exit,,0.0,0.0,0.0,0.0,0.0,0.0
2013-10-17,2013-10-18,short,6045.85,6106.31,6106.31,-60.46,-3022.93,50,stop_loss,,0.0,0.0,0.0,0.0,0.0,0.0
2013-10-21,2013-10-23,long,6204.95,6142.9,6142.9,-62.05,-3102.48,50,stop_loss,,0.0,0.0,0.0,0.0,0.0,0.0
2013-10-28,2013-10-29,short,6101.1,6162.11,6162.11,-61.01,-3050.55,50,stop_loss,,0.0,0.0,0.0,0.0,0.0,0.0
2013-10-30,2013-11-07,long,6251.7,6189.18,6189.18,-62.52,-3125.85,50,stop_loss,,0.0,0.0,0.0,0.0,0.0,0.0
2013-11-08,2013-11-18,short,6140.75,6189.0,6202.16,-48.25,-2412.5,50,time_exit,,0.0,0.0,0.0,0.0,0.0,0.0
2013-11-19,2013-11-20,long,6203.35,6141.32,6141.32,-62.03,-3101.68,50,stop_loss,,0.0,0.0,0.0,0.0,0.0,0.0
2013-11-21,2013-11-25,short,5999.05,6059.04,6059.04,-59.99,-2999.52,50,stop_loss,,0.0,0.0,0.0,0.0,0.0,0.0
2013-11-28,2013-12-05,long,6091.85,6241.1,6030.93,149.25,7462.5,50,time_exit,,0.0,0.0,0.0,0.0,0.0,0.0
2013-12-09,2013-12-11,long,6363.9,6300.26,6300.26,-63.64,-3181.95,50,stop_loss,,0.0,0.0,0.0,0.0,0.0,0.0
2013-12-12,2013-12-19,short,6237.05,6166.65,6299.42,70.4,3520.0,50,time_exit,,0.0,0.0,0.0,0.0,0.0,0.0
2013-12-20,2013-12-30,long,6274.25,6291.1,6211.51,16.85,842.5,50,time_exit,,0.0,0.0,0.0,0.0,0.0,0.0
2014-01-02,2014-01-09,short,6221.15,6168.35,6283.36,52.8,2639.99,50,time_exit,,0.0,0.0,0.0,0.0,0.0,0.0
2014-01-13,2014-01-20,long,6272.75,6303.95,6210.02,31.2,1560.01,50,time_exit,,0.0,0.0,0.0,0.0,0.0,0.0
2014-01-21,2014-01-27,long,6313.8,6250.66,6250.66,-63.14,-3156.9,50,stop_loss,,0.0,0.0,0.0,0.0,0.0,0.0
2014-01-28,2014-02-04,short,6126.25,6000.9,6187.51,125.35,6267.5,50,time_exit,,0.0,0.0,0.0,0.0,0.0,0.0
2014-02-05,2014-02-12,long,6022.4,6084.0,5962.18,61.6,3080.0,50,time_exit,,0.0,0.0,0.0,0.0,0.0,0.0
2014-02-13,2014-02-18,short,6001.1,6061.11,6061.11,-60.01,-3000.55,50,stop_loss,,0.0,0.0,0.0,0.0,0.0,0.0
2014-02-19,2014-02-20,long,6152.75,6091.22,6091.22,-61.53,-3076.38,50,stop_loss,,0.0,0.0,0.0,0.0,0.0,0.0
2014-02-21,2014-03-03,long,6155.45,6221.45,6093.9,66.0,3300.0,50,time_exit,,0.0,0.0,0.0,0.0,0.0,0.0
2014-03-04,2014-03-11,long,6297.95,6511.9,6234.97,213.95,10697.49,50,time_exit,,0.0,0.0,0.0,0.0,0.0,0.0
2014-03-20,2014-03-24,short,6483.1,6547.93,6547.93,-64.83,-3241.55,50,stop_loss,,0.0,0.0,0.0,0.0,0.0,0.0
2014-03-26,2014-04-02,long,6601.4,6752.55,6535.39,151.15,7557.5,50,time_exit,,0.0,0.0,0.0,0.0,0.0,0.0
2014-04-04,2014-04-09,short,6694.35,6761.29,6761.29,-66.94,-3347.18,50,stop_loss,,0.0,0.0,0.0,0.0,0.0,0.0
2014-04-11,2014-04-22,short,6776.3,6815.35,6844.06,-39.05,-1952.51,50,time_exit,,0.0,0.0,0.0,0.0,0.0,0.0
2014-04-23,2014-04-28,long,6840.8,6772.39,6772.39,-68.41,-3420.4,50,stop_loss,,0.0,0.0,0.0,0.0,0.0,0.0
2014-04-29,2014-05-07,short,6715.25,6652.55,6782.4,62.7,3135.01,50,time_exit,,0.0,0.0,0.0,0.0,0.0,0.0
2014-05-09,2014-05-16,long,6858.8,7203.0,6790.21,344.2,17210.01,50,time_exit,,0.0,0.0,0.0,0.0,0.0,0.0
2014-05-23,2014-05-26,long,7367.1,7293.43,7293.43,-73.67,-3683.55,50,stop_loss,,0.0,0.0,0.0,0.0,0.0,0.0
2014-05-29,2014-06-02,short,7235.65,7308.01,7308.01,-72.36,-3617.82,50,stop_loss,,0.0,0.0,0.0,0.0,0.0,0.0
2014-06-03,2014-06-10,long,7415.85,7656.4,7341.69,240.55,12027.49,50,time_exit,,0.0,0.0,0.0,0.0,0.0,0.0
2014-06-13,2014-06-17,short,7542.1,7617.52,7617.52,-75.42,-3771.05,50,stop_loss,,0.0,0.0,0.0,0.0,0.0,0.0
2014-06-23,2014-06-24,short,7493.35,7568.28,7568.28,-74.93,-3746.68,50,stop_loss,,0.0,0.0,0.0,0.0,0.0,0.0
2014-06-26,2014-06-30,short,7493.2,7568.13,7568.13,-74.93,-3746.6,50,stop_loss,,0.0,0.0,0.0,0.0,0.0,0.0
2014-07-01,2014-07-08,long,7634.7,7623.2,7558.35,-11.5,-575.0,50,time_exit,,0.0,0.0,0.0,0.0,0.0,0.0
2014-07-09,2014-07-10,short,7585.0,7660.85,7660.85,-75.85,-3792.5,50,stop_loss,,0.0,0.0,0.0,0.0,0.0,0.0
2014-07-11,2014-07-15,short,7459.6,7534.2,7534.2,-74.6,-3729.8,50,stop_loss,,0.0,0.0,0.0,0.0,0.0,0.0
2014-07-16,2014-07-23,long,7624.4,7795.75,7548.16,171.35,8567.5,50,time_exit,,0.0,0.0,0.0,0.0,0.0,0.0
2014-07-24,2014-07-25,long,7830.6,7752.29,7752.29,-78.31,-3915.3,50,stop_loss,,0.0,0.0,0.0,0.0,0.0,0.0
2014-08-01,2014-08-04,short,7602.6,7678.63,7678.63,-76.03,-3801.3,50,stop_loss,,0.0,0.0,0.0,0.0,0.0,0.0
2014-08-05,2014-08-06,long,7746.55,7669.08,7669.08,-77.47,-3873.27,50,stop_loss,,0.0,0.0,0.0,0.0,0.0,0.0
2014-08-07,2014-08-12,short,7649.25,7725.74,7725.74,-76.49,-3824.63,50,stop_loss,,0.0,0.0,0.0,0.0,0.0,0.0
2014-08-13,2014-08-21,long,7739.55,7891.1,7662.15,151.55,7577.51,50,time_exit,,0.0,0.0,0.0,0.0,0.0,0.0
2014-08-27,2014-09-04,long,7936.05,8095.95,7856.69,159.9,7995.02,50,time_exit,,0.0,0.0,0.0,0.0,0.0,0.0
2014-09-08,2014-09-10,long,8173.9,8092.16,8092.16,-81.74,-4086.95,50,stop_loss,,0.0,0.0,0.0,0.0,0.0,0.0
2014-09-15,2014-09-19,short,8042.0,8122.42,8122.42,-80.42,-4021.0,50,stop_loss,,0.0,0.0,0.0,0.0,0.0,0.0
2014-09-23,2014-09-30,short,8017.55,7964.8,8097.73,52.75,2637.5,50,time_exit,,0.0,0.0,0.0,0.0,0.0,0.0
2014-10-07,2014-10-09,short,7852.4,7930.92,7930.92,-78.52,-3926.2,50,stop_loss,,0.0,0.0,0.0,0.0,0.0,0.0
2014-10-10,2014-10-20,short,7859.95,7879.4,7938.55,-19.45,-972.49,50,time_exit,,0.0,0.0,0.0,0.0,0.0,0.0
2014-10-21,2014-10-30,long,7927.75,8169.2,7848.47,241.45,12072.51,50,time_exit,,0.0,0.0,0.0,0.0,0.0,0.0
2014-10-31,2014-11-11,long,8322.2,8362.65,8238.98,40.45,2022.51,50,time_exit,,0.0,0.0,0.0,0.0,0.0,0.0
2014-11-12,2014-11-19,long,8383.3,8382.3,8299.47,-1.0,-50.0,50,time_exit,,0.0,0.0,0.0,0.0,0.0,0.0
2014-11-21,2014-11-28,long,8477.35,8588.25,8392.58,110.9,5545.02,50,time_exit,,0.0,0.0,0.0,0.0,0.0,0.0
2014-12-02,2014-12-04,short,8524.7,8609.95,8609.95,-85.25,-4262.35,50,stop_loss,,0.0,0.0,0.0,0.0,0.0,0.0
2014-12-08,2014-12-15,short,8438.25,8219.6,8522.63,218.65,10932.52,50,time_exit,,0.0,0.0,0.0,0.0,0.0,0.0
2014-12-16,2014-12-18,short,8067.6,8148.28,8148.28,-80.68,-4033.8,50,stop_loss,,0.0,0.0,0.0,0.0,0.0,0.0
2014-12-19,2014-12-29,long,8225.2,8246.3,8142.95,21.1,1054.98,50,time_exit,,0.0,0.0,0.0,0.0,0.0,0.0
2014-12-31,2015-01-06,long,8282.7,8199.87,8199.87,-82.83,-4141.35,50,stop_loss,,0.0,0.0,0.0,0.0,0.0,0.0
2015-01-07,2015-01-08,short,8102.1,8183.12,8183.12,-81.02,-4051.05,50,stop_loss,,0.0,0.0,0.0,0.0,0.0,0.0
2015-01-09,2015-01-16,long,8284.5,8513.8,8201.66,229.3,11464.99,50,time_exit,,0.0,0.0,0.0,0.0,0.0,0.0
2015-01-19,2015-01-27,long,8550.7,8910.5,8465.19,359.8,17989.99,50,time_exit,,0.0,0.0,0.0,0.0,0.0,0.0
2015-01-30,2015-02-06,short,8808.9,8661.05,8896.99,147.85,7392.53,50,time_exit,,0.0,0.0,0.0,0.0,0.0,0.0
2015-02-09,2015-02-10,short,8526.35,8611.61,8611.61,-85.26,-4263.17,50,stop_loss,,0.0,0.0,0.0,0.0,0.0,0.0
2015-02-12,2015-02-20,long,8711.55,8833.6,8624.43,122.05,6102.49,50,time_exit,,0.0,0.0,0.0,0.0,0.0,0.0
2015-02-23,2015-02-27,short,8754.95,8842.5,8842.5,-87.55,-4377.48,50,stop_loss,,0.0,0.0,0.0,0.0,0.0,0.0
2015-03-02,2015-03-05,long,8956.75,8867.18,8867.18,-89.57,-4478.37,50,stop_loss,,0.0,0.0,0.0,0.0,0.0,0.0
2015-03-09,2015-03-13,short,8756.75,8844.32,8844.32,-87.57,-4378.37,50,stop_loss,,0.0,0.0,0.0,0.0,0.0,0.0
2015-03-17,2015-03-19,long,8723.3,8636.07,8636.07,-87.23,-4361.65,50,stop_loss,,0.0,0.0,0.0,0.0,0.0,0.0
2015-03-20,2015-03-27,short,8570.9,8341.4,8656.61,229.5,11475.0,50,time_exit,,0.0,0.0,0.0,0.0,0.0,0.0
2015-03-30,2015-04-08,long,8492.3,8714.4,8407.38,222.1,11105.03,50,time_exit,,0.0,0.0,0.0,0.0,0.0,0.0
2015-04-09,2015-04-16,long,8778.3,8690.52,8690.52,-87.78,-4389.15,50,stop_loss,,0.0,0.0,0.0,0.0,0.0,0.0
2015-04-17,2015-04-24,short,8606.0,8305.25,8692.06,300.75,15037.5,50,time_exit,,0.0,0.0,0.0,0.0,0.0,0.0
2015-04-27,2015-04-28,short,8213.8,8295.94,8295.94,-82.14,-4106.9,50,stop_loss,,0.0,0.0,0.0,0.0,0.0,0.0
2015-04-30,2015-05-04,short,8181.5,8263.32,8263.32,-81.82,-4090.75,50,stop_loss,,0.0,0.0,0.0,0.0,0.0,0.0
2015-05-06,2015-05-08,short,8097.0,8177.97,8177.97,-80.97,-4048.5,50,stop_loss,,0.0,0.0,0.0,0.0,0.0,0.0
2015-05-11,2015-05-12,long,8325.25,8242.0,8242.0,-83.25,-4162.63,50,stop_loss,,0.0,0.0,0.0,0.0,0.0,0.0
2015-05-15,2015-05-22,long,8262.35,8458.95,8179.73,196.6,9830.03,50,time_exit,,0.0,0.0,0.0,0.0,0.0,0.0
2015-05-25,2015-06-01,short,8370.25,8453.95,8453.95,-83.7,-4185.12,50,stop_loss,,0.0,0.0,0.0,0.0,0.0,0.0
2015-06-02,2015-06-09,short,8236.45,8022.4,8318.81,214.05,10702.51,50,time_exit,,0.0,0.0,0.0,0.0,0.0,0.0
2015-06-10,2015-06-11,long,8124.45,8043.21,8043.21,-81.24,-4062.23,50,stop_loss,,0.0,0.0,0.0,0.0,0.0,0.0
2015-06-15,2015-06-22,long,8013.9,8353.1,7933.76,339.2,16959.99,50,time_exit,,0.0,0.0,0.0,0.0,0.0,0.0
2015-06-23,2015-06-29,long,8381.55,8297.73,8297.73,-83.82,-4190.77,50,stop_loss,,0.0,0.0,0.0,0.0,0.0,0.0
2015-06-30,2015-07-07,long,8368.5,8510.8,8284.82,142.3,7114.99,50,time_exit,,0.0,0.0,0.0,0.0,0.0,0.0
2015-07-08,2015-07-13,short,8363.05,8446.68,8446.68,-83.63,-4181.52,50,stop_loss,,0.0,0.0,0.0,0.0,0.0,0.0
2015-07-15,2015-07-22,long,8523.8,8633.5,8438.56,109.7,5485.01,50,time_exit,,0.0,0.0,0.0,0.0,0.0,0.0
2015-07-24,2015-07-31,short,8521.55,8532.85,8606.77,-11.3,-564.99,50,time_exit,,0.0,0.0,0.0,0.0,0.0,0.0
2015-08-05,2015-08-11,long,8567.95,8482.27,8482.27,-85.68,-4283.98,50,stop_loss,,0.0,0.0,0.0,0.0,0.0,0.0
2015-08-12,2015-08-14,short,8349.45,8432.94,8432.94,-83.49,-4174.73,50,stop_loss,,0.0,0.0,0.0,0.0,0.0,0.0
2015-08-20,2015-08-27,short,8372.75,7948.95,8456.48,423.8,21189.99,50,time_exit,,0.0,0.0,0.0,0.0,0.0,0.0
2015-08-28,2015-09-01,long,8001.95,7921.93,7921.93,-80.02,-4000.98,50,stop_loss,,0.0,0.0,0.0,0.0,0.0,0.0
2015-09-02,2015-09-03,short,7717.0,7794.17,7794.17,-77.17,-3858.5,50,stop_loss,,0.0,0.0,0.0,0.0,0.0,0.0
2015-09-04,2015-09-09,short,7655.05,7731.6,7731.6,-76.55,-3827.52,50,stop_loss,,0.0,0.0,0.0,0.0,0.0,0.0
2015-09-14,2015-09-22,long,7872.25,7793.53,7793.53,-78.72,-3936.12,50,stop_loss,,0.0,0.0,0.0,0.0,0.0,0.0
2015-09-28,2015-09-29,short,7795.7,7873.66,7873.66,-77.96,-3897.85,50,stop_loss,,0.0,0.0,0.0,0.0,0.0,0.0
2015-09-30,2015-10-08,long,7948.9,8129.35,7869.41,180.45,9022.51,50,time_exit,,0.0,0.0,0.0,0.0,0.0,0.0
2015-10-15,2015-10-23,long,8179.5,8295.45,8097.7,115.95,5797.51,50,time_exit,,0.0,0.0,0.0,0.0,0.0,0.0
2015-10-26,2015-11-02,short,8260.55,8050.8,8343.16,209.75,10487.5,50,time_exit,,0.0,0.0,0.0,0.0,0.0,0.0
2015-11-05,2015-11-16,short,7955.45,7806.6,8035.0,148.85,11163.76,75,time_exit,,0.0,0.0,0.0,0.0,0.0,0.0
2015-11-18,2015-11-19,short,7731.8,7809.12,7809.12,-77.32,-5798.85,75,stop_loss,,0.0,0.0,0.0,0.0,0.0,0.0
2015-11-20,2015-11-30,long,7856.55,7935.25,7777.98,78.7,5902.51,75,time_exit,,0.0,0.0,0.0,0.0,0.0,0.0
2015-12-02,2015-12-09,short,7931.35,7612.5,8010.66,318.85,23913.76,75,time_exit,,0.0,0.0,0.0,0.0,0.0,0.0
2015-12-15,2015-12-22,long,7700.9,7786.1,7623.89,85.2,6390.01,75,time_exit,,0.0,0.0,0.0,0.0,0.0,0.0
2015-12-23,2015-12-31,long,7865.95,7946.35,7787.29,80.4,6029.99,75,time_exit,,0.0,0.0,0.0,0.0,0.0,0.0
2016-01-04,2016-01-11,short,7791.3,7563.85,7869.21,227.45,17058.73,75,time_exit,,0.0,0.0,0.0,0.0,0.0,0.0
2016-01-15,2016-01-22,short,7437.8,7422.45,7512.18,15.35,1151.22,75,time_exit,,0.0,0.0,0.0,0.0,0.0,0.0
2016-01-25,2016-02-02,long,7436.15,7455.55,7361.79,19.4,1454.99,75,time_exit,,0.0,0.0,0.0,0.0,0.0,0.0
2016-02-03,2016-02-04,short,7361.8,7435.42,7435.42,-73.62,-5521.35,75,stop_loss,,0.0,0.0,0.0,0.0,0.0,0.0
2016-02-05,2016-02-08,long,7489.1,7414.21,7414.21,-74.89,-5616.83,75,stop_loss,,0.0,0.0,0.0,0.0,0.0,0.0
2016-02-09,2016-02-16,short,7298.2,7048.25,7371.18,249.95,18746.26,75,time_exit,,0.0,0.0,0.0,0.0,0.0,0.0
2016-02-18,2016-02-23,long,7191.75,7119.83,7119.83,-71.92,-5393.81,75,stop_loss,,0.0,0.0,0.0,0.0,0.0,0.0
2016-02-24,2016-02-29,short,7018.7,7088.89,7088.89,-70.19,-5264.03,75,stop_loss,,0.0,0.0,0.0,0.0,0.0,0.0
2016-03-01,2016-03-09,long,7222.3,7531.8,7150.08,309.5,23212.5,75,time_exit,,0.0,0.0,0.0,0.0,0.0,0.0
2016-03-15,2016-03-17,short,7460.6,7535.21,7535.21,-74.61,-5595.45,75,stop_loss,,0.0,0.0,0.0,0.0,0.0,0.0
2016-03-18,2016-03-29,long,7604.35,7597.0,7528.31,-7.35,-551.26,75,time_exit,,0.0,0.0,0.0,0.0,0.0,0.0
2016-03-30,2016-04-05,long,7735.2,7657.85,7657.85,-77.35,-5801.4,75,stop_loss,,0.0,0.0,0.0,0.0,0.0,0.0
2016-04-07,2016-04-11,short,7546.45,7621.91,7621.91,-75.46,-5659.84,75,stop_loss,,0.0,0.0,0.0,0.0,0.0,0.0
2016-04-12,2016-04-22,long,7708.95,7899.3,7631.86,190.35,14276.22,75,time_exit,,0.0,0.0,0.0,0.0,0.0,0.0
2016-04-25,2016-04-26,short,7855.05,7933.6,7933.6,-78.55,-5891.29,75,stop_loss,,0.0,0.0,0.0,0.0,0.0,0.0
2016-04-27,2016-04-28,long,7979.9,7900.1,7900.1,-79.8,-5984.92,75,stop_loss,,0.0,0.0,0.0,0.0,0.0,0.0
2016-05-03,2016-05-09,short,7747.0,7824.47,7824.47,-77.47,-5810.25,75,stop_loss,,0.0,0.0,0.0,0.0,0.0,0.0
2016-05-10,2016-05-11,long,7887.8,7808.92,7808.92,-78.88,-5915.85,75,stop_loss,,0.0,0.0,0.0,0.0,0.0,0.0
2016-05-12,2016-05-13,long,7900.4,7821.4,7821.4,-79.0,-5925.3,75,stop_loss,,0.0,0.0,0.0,0.0,0.0,0.0
2016-05-17,2016-05-18,long,7890.75,7811.84,7811.84,-78.91,-5918.06,75,stop_loss,,0.0,0.0,0.0,0.0,0.0,0.0
2016-05-19,2016-05-25,short,7783.4,7861.23,7861.23,-77.83,-5837.55,75,stop_loss,,0.0,0.0,0.0,0.0,0.0,0.0
2016-05-26,2016-06-02,long,8069.65,8218.95,7988.95,149.3,11197.52,75,time_exit,,0.0,0.0,0.0,0.0,0.0,0.0
2016-06-06,2016-06-07,short,8201.05,8283.06,8283.06,-82.01,-6150.79,75,stop_loss,,0.0,0.0,0.0,0.0,0.0,0.0
2016-06-09,2016-06-16,short,8203.6,8140.75,8285.64,62.85,4713.72,75,time_exit,,0.0,0.0,0.0,0.0,0.0,0.0
2016-06-20,2016-06-22,long,8238.5,8156.12,8156.12,-82.39,-6178.88,75,stop_loss,,0.0,0.0,0.0,0.0,0.0,0.0
2016-06-23,2016-06-24,long,8270.45,8187.75,8187.75,-82.7,-6202.84,75,stop_loss,,0.0,0.0,0.0,0.0,0.0,0.0
2016-06-28,2016-07-05,long,8127.85,8335.95,8046.57,208.1,15607.51,75,time_exit,,0.0,0.0,0.0,0.0,0.0,0.0
2016-07-11,2016-07-18,long,8467.9,8508.7,8383.22,40.8,3059.99,75,time_exit,,0.0,0.0,0.0,0.0,0.0,0.0
2016-07-20,2016-07-27,long,8565.85,8615.8,8480.19,49.95,3746.26,75,time_exit,,0.0,0.0,0.0,0.0,0.0,0.0
2016-07-28,2016-08-03,long,8666.3,8579.64,8579.64,-86.66,-6499.72,75,stop_loss,,0.0,0.0,0.0,0.0,0.0,0.0
2016-08-05,2016-08-10,long,8683.15,8596.32,8596.32,-86.83,-6512.36,75,stop_loss,,0.0,0.0,0.0,0.0,0.0,0.0
2016-08-16,2016-08-23,long,8642.55,8632.6,8556.12,-9.95,-746.26,75,time_exit,,0.0,0.0,0.0,0.0,0.0,0.0
2016-08-24,2016-08-26,long,8650.3,8563.8,8563.8,-86.5,-6487.72,75,stop_loss,,0.0,0.0,0.0,0.0,0.0,0.0
2016-08-30,2016-09-07,long,8744.35,8917.95,8656.91,173.6,13020.04,75,time_exit,,0.0,0.0,0.0,0.0,0.0,0.0
2016-09-09,2016-09-19,short,8866.7,8808.4,8955.37,58.3,4372.49,75,time_exit,,0.0,0.0,0.0,0.0,0.0,0.0
2016-09-22,2016-09-26,long,8867.45,8778.78,8778.78,-88.67,-6650.59,75,stop_loss,,0.0,0.0,0.0,0.0,0.0,0.0
2016-09-27,2016-09-29,short,8706.4,8793.46,8793.46,-87.06,-6529.8,75,stop_loss,,0.0,0.0,0.0,0.0,0.0,0.0
2016-10-03,2016-10-10,long,8738.1,8708.8,8650.72,-29.3,-2197.49,75,time_exit,,0.0,0.0,0.0,0.0,0.0,0.0
2016-10-13,2016-10-18,short,8573.35,8659.08,8659.08,-85.73,-6430.01,75,stop_loss,,0.0,0.0,0.0,0.0,0.0,0.0
2016-10-20,2016-10-26,long,8699.4,8612.41,8612.41,-86.99,-6524.55,75,stop_loss,,0.0,0.0,0.0,0.0,0.0,0.0
2016-10-28,2016-11-02,long,8638.0,8551.62,8551.62,-86.38,-6478.5,75,stop_loss,,0.0,0.0,0.0,0.0,0.0,0.0
2016-11-03,2016-11-10,short,8484.95,8569.8,8569.8,-84.85,-6363.71,75,stop_loss,,0.0,0.0,0.0,0.0,0.0,0.0
2016-11-11,2016-11-21,short,8296.3,7929.1,8379.26,367.2,27539.98,75,time_exit,,0.0,0.0,0.0,0.0,0.0,0.0
2016-11-23,2016-11-24,long,8033.3,7952.97,7952.97,-80.33,-6024.97,75,stop_loss,,0.0,0.0,0.0,0.0,0.0,0.0
2016-11-25,2016-12-02,long,8114.3,8086.8,8033.16,-27.5,-2062.5,75,time_exit,,0.0,0.0,0.0,0.0,0.0,0.0
2016-12-06,2016-12-13,long,8143.15,8221.8,8061.72,78.65,5898.74,75,time_exit,,0.0,0.0,0.0,0.0,0.0,0.0
2016-12-15,2016-12-22,short,8153.6,7979.1,8235.14,174.5,13087.5,75,time_exit,,0.0,0.0,0.0,0.0,0.0,0.0
2016-12-26,2016-12-27,short,7908.25,7987.33,7987.33,-79.08,-5931.19,75,stop_loss,,0.0,0.0,0.0,0.0,0.0,0.0
2016-12-29,2017-01-05,long,8103.6,8273.8,8022.56,170.2,12764.98,75,time_exit,,0.0,0.0,0.0,0.0,0.0,0.0
2017-01-10,2017-01-17,long,8288.6,8398.0,8205.71,109.4,8205.03,75,time_exit,,0.0,0.0,0.0,0.0,0.0,0.0
2017-01-20,2017-01-24,short,8349.35,8432.84,8432.84,-83.49,-6262.01,75,stop_loss,,0.0,0.0,0.0,0.0,0.0,0.0
2017-01-25,2017-02-02,long,8602.75,8734.25,8516.72,131.5,9862.5,75,time_exit,,0.0,0.0,0.0,0.0,0.0,0.0
2017-02-06,2017-02-13,long,8801.05,8805.05,8713.04,4.0,300.0,75,time_exit,,0.0,0.0,0.0,0.0,0.0,0.0
2017-02-15,2017-02-17,short,8724.7,8811.95,8811.95,-87.25,-6543.53,75,stop_loss,,0.0,0.0,0.0,0.0,0.0,0.0
2017-02-21,2017-03-01,long,8907.85,8945.8,8818.77,37.95,2846.26,75,time_exit,,0.0,0.0,0.0,0.0,0.0,0.0
2017-03-06,2017-03-14,long,8963.45,9087.0,8873.82,123.55,9266.24,75,time_exit,,0.0,0.0,0.0,0.0,0.0,0.0
2017-03-16,2017-03-22,long,9153.7,9062.16,9062.16,-91.54,-6865.28,75,stop_loss,,0.0,0.0,0.0,0.0,0.0,0.0
2017-03-23,2017-03-30,long,9086.3,9173.75,8995.44,87.45,6558.76,75,time_exit,,0.0,0.0,0.0,0.0,0.0,0.0
2017-04-03,2017-04-11,long,9237.85,9237.0,9145.47,-0.85,-63.72,75,time_exit,,0.0,0.0,0.0,0.0,0.0,0.0
2017-04-13,2017-04-21,short,9150.8,9119.4,9242.31,31.4,2354.96,75,time_exit,,0.0,0.0,0.0,0.0,0.0,0.0
2017-04-24,2017-05-02,long,9217.95,9313.8,9125.77,95.85,7188.72,75,time_exit,,0.0,0.0,0.0,0.0,0.0,0.0
2017-05-04,2017-05-11,long,9359.9,9422.4,9266.3,62.5,4687.5,75,time_exit,,0.0,0.0,0.0,0.0,0.0,0.0
2017-05-12,2017-05-16,short,9400.9,9494.91,9494.91,-94.01,-7050.68,75,stop_loss,,0.0,0.0,0.0,0.0,0.0,0.0
2017-05-17,2017-05-18,long,9525.75,9430.49,9430.49,-95.26,-7144.31,75,stop_loss,,0.0,0.0,0.0,0.0,0.0,0.0
2017-05-23,2017-05-25,short,9386.15,9480.01,9480.01,-93.86,-7039.61,75,stop_loss,,0.0,0.0,0.0,0.0,0.0,0.0
2017-05-26,2017-06-02,long,9595.1,9653.5,9499.15,58.4,4380.03,75,time_exit,,0.0,0.0,0.0,0.0,0.0,0.0
2017-06-05,2017-06-12,long,9675.1,9616.4,9578.35,-58.7,-4402.44,75,time_exit,,0.0,0.0,0.0,0.0,0.0,0.0
2017-06-15,2017-06-20,short,9578.05,9673.83,9673.83,-95.78,-7183.54,75,stop_loss,,0.0,0.0,0.0,0.0,0.0,0.0
2017-06-21,2017-06-29,short,9633.6,9504.1,9729.94,129.5,9712.5,75,time_exit,,0.0,0.0,0.0,0.0,0.0,0.0
2017-07-03,2017-07-10,long,9615.0,9771.05,9518.85,156.05,11703.74,75,time_exit,,0.0,0.0,0.0,0.0,0.0,0.0
2017-07-11,2017-07-18,long,9786.05,9827.15,9688.19,41.1,3082.54,75,time_exit,,0.0,0.0,0.0,0.0,0.0,0.0
2017-07-19,2017-07-26,long,9899.6,10020.65,9800.6,121.05,9078.81,75,time_exit,,0.0,0.0,0.0,0.0,0.0,0.0
2017-07-31,2017-08-07,long,10077.1,10057.4,9976.33,-19.7,-1477.44,75,time_exit,,0.0,0.0,0.0,0.0,0.0,0.0
2017-08-08,2017-08-16,short,9978.55,9897.3,10078.34,81.25,6093.75,75,time_exit,,0.0,0.0,0.0,0.0,0.0,0.0
2017-08-17,2017-08-18,long,9904.15,9805.11,9805.11,-99.04,-7428.11,75,stop_loss,,0.0,0.0,0.0,0.0,0.0,0.0
2017-08-21,2017-08-23,short,9754.35,9851.89,9851.89,-97.54,-7315.76,75,stop_loss,,0.0,0.0,0.0,0.0,0.0,0.0
2017-08-28,2017-08-29,long,9912.8,9813.67,9813.67,-99.13,-7434.6,75,stop_loss,,0.0,0.0,0.0,0.0,0.0,0.0
2017-08-31,2017-09-07,long,9917.9,9929.9,9818.72,12.0,900.0,75,time_exit,,0.0,0.0,0.0,0.0,0.0,0.0
2017-09-11,2017-09-18,long,10006.05,10153.1,9905.99,147.05,11028.74,75,time_exit,,0.0,0.0,0.0,0.0,0.0,0.0
2017-09-21,2017-09-28,short,10121.9,9768.95,10223.12,352.95,26471.26,75,time_exit,,0.0,0.0,0.0,0.0,0.0,0.0
2017-10-03,2017-10-10,long,9859.5,10016.95,9760.91,157.45,11808.76,75,time_exit,,0.0,0.0,0.0,0.0,0.0,0.0
2017-10-11,2017-10-12,short,9984.8,10084.65,10084.65,-99.85,-7488.6,75,stop_loss,,0.0,0.0,0.0,0.0,0.0,0.0
2017-10-13,2017-10-23,long,10167.45,10184.85,10065.78,17.4,1304.96,75,time_exit,,0.0,0.0,0.0,0.0,0.0,0.0
2017-10-25,2017-11-01,long,10295.35,10440.5,10192.4,145.15,10886.28,75,time_exit,,0.0,0.0,0.0,0.0,0.0,0.0
2017-11-07,2017-11-14,short,10350.15,10186.6,10453.65,163.55,12266.31,75,time_exit,,0.0,0.0,0.0,0.0,0.0,0.0
2017-11-15,2017-11-16,short,10118.05,10219.23,10219.23,-101.18,-7588.54,75,stop_loss,,0.0,0.0,0.0,0.0,0.0,0.0
2017-11-17,2017-11-24,long,10283.6,10389.7,10180.76,106.1,7957.54,75,time_exit,,0.0,0.0,0.0,0.0,0.0,0.0
2017-11-30,2017-12-07,short,10226.55,10166.7,10328.82,59.85,4488.72,75,time_exit,,0.0,0.0,0.0,0.0,0.0,0.0
2017-12-08,2017-12-14,long,10265.65,10162.99,10162.99,-102.66,-7699.24,75,stop_loss,,0.0,0.0,0.0,0.0,0.0,0.0
2017-12-15,2017-12-18,long,10333.25,10229.92,10229.92,-103.33,-7749.94,75,stop_loss,,0.0,0.0,0.0,0.0,0.0,0.0
2017-12-19,2017-12-27,long,10463.2,10490.75,10358.57,27.55,2066.24,75,time_exit,,0.0,0.0,0.0,0.0,0.0,0.0
2018-01-02,2018-01-05,short,10442.2,10546.62,10546.62,-104.42,-7831.65,75,stop_loss,,0.0,0.0,0.0,0.0,0.0,0.0
2018-01-08,2018-01-15,long,10623.6,10741.55,10517.36,117.95,8846.26,75,time_exit,,0.0,0.0,0.0,0.0,0.0,0.0
2018-01-16,2018-01-18,short,10700.45,10807.45,10807.45,-107.0,-8025.34,75,stop_loss,,0.0,0.0,0.0,0.0,0.0,0.0
2018-01-19,2018-01-29,long,10894.7,11130.4,10785.75,235.7,17677.51,75,time_exit,,0.0,0.0,0.0,0.0,0.0,0.0
2018-01-30,2018-02-06,short,11049.65,10498.25,11160.15,551.4,41355.03,75,time_exit,,0.0,0.0,0.0,0.0,0.0,0.0
2018-02-09,2018-02-14,short,10454.95,10559.5,10559.5,-104.55,-7841.21,75,stop_loss,,0.0,0.0,0.0,0.0,0.0,0.0
2018-02-16,2018-02-23,short,10452.3,10491.05,10556.82,-38.75,-2906.25,75,time_exit,,0.0,0.0,0.0,0.0,0.0,0.0
2018-02-26,2018-02-28,long,10582.6,10476.77,10476.77,-105.83,-7936.95,75,stop_loss,,0.0,0.0,0.0,0.0,0.0,0.0
2018-03-01,2018-03-09,short,10458.35,10226.85,10562.93,231.5,17362.5,75,time_exit,,0.0,0.0,0.0,0.0,0.0,0.0
2018-03-12,2018-03-16,long,10421.4,10317.19,10317.19,-104.21,-7816.05,75,stop_loss,,0.0,0.0,0.0,0.0,0.0,0.0
2018-03-19,2018-03-21,short,10094.25,10195.19,10195.19,-100.94,-7570.69,75,stop_loss,,0.0,0.0,0.0,0.0,0.0,0.0
2018-03-22,2018-04-02,short,10114.75,10215.9,10215.9,-101.15,-7586.06,75,stop_loss,,0.0,0.0,0.0,0.0,0.0,0.0
2018-04-03,2018-04-04,long,10245.0,10142.55,10142.55,-102.45,-7683.75,75,stop_loss,,0.0,0.0,0.0,0.0,0.0,0.0
2018-04-05,2018-04-12,long,10325.15,10458.65,10221.9,133.5,10012.5,75,time_exit,,0.0,0.0,0.0,0.0,0.0,0.0
2018-04-13,2018-04-20,long,10480.6,10564.05,10375.79,83.45,6258.76,75,time_exit,,0.0,0.0,0.0,0.0,0.0,0.0
2018-04-23,2018-04-30,long,10584.7,10739.35,10478.85,154.65,11598.71,75,time_exit,,0.0,0.0,0.0,0.0,0.0,0.0
2018-05-03,2018-05-10,short,10679.65,10716.55,10786.45,-36.9,-2767.46,75,time_exit,,0.0,0.0,0.0,0.0,0.0,0.0
2018-05-11,2018-05-17,long,10806.5,10698.44,10698.44,-108.07,-8104.88,75,stop_loss,,0.0,0.0,0.0,0.0,0.0,0.0
2018-05-18,2018-05-25,short,10596.4,10605.15,10702.36,-8.75,-656.25,75,time_exit,,0.0,0.0,0.0,0.0,0.0,0.0
2018-05-28,2018-05-30,long,10688.65,10581.76,10581.76,-106.89,-8016.49,75,stop_loss,,0.0,0.0,0.0,0.0,0.0,0.0
2018-05-31,2018-06-04,long,10736.15,10628.79,10628.79,-107.36,-8052.11,75,stop_loss,,0.0,0.0,0.0,0.0,0.0,0.0
2018-06-05,2018-06-07,short,10593.15,10699.08,10699.08,-105.93,-7944.86,75,stop_loss,,0.0,0.0,0.0,0.0,0.0,0.0
2018-06-11,2018-06-18,long,10786.95,10799.85,10679.08,12.9,967.46,75,time_exit,,0.0,0.0,0.0,0.0,0.0,0.0
2018-06-19,2018-06-22,short,10710.45,10817.55,10817.55,-107.1,-8032.84,75,stop_loss,,0.0,0.0,0.0,0.0,0.0,0.0
2018-06-27,2018-07-04,short,10671.4,10769.9,10778.11,-98.5,-7387.5,75,time_exit,,0.0,0.0,0.0,0.0,0.0,0.0
2018-07-09,2018-07-16,long,10852.9,10936.85,10744.37,83.95,6296.19,75,time_exit,,0.0,0.0,0.0,0.0,0.0,0.0
2018-07-20,2018-07-27,long,11010.2,11278.35,10900.1,268.15,20111.21,75,time_exit,,0.0,0.0,0.0,0.0,0.0,0.0
2018-07-30,2018-08-06,long,11319.55,11387.1,11206.35,67.55,5066.24,75,time_exit,,0.0,0.0,0.0,0.0,0.0,0.0
2018-08-08,2018-08-16,long,11450.0,11385.05,11335.5,-64.95,-4871.26,75,time_exit,,0.0,0.0,0.0,0.0,0.0,0.0
2018-08-17,2018-08-27,long,11470.75,11691.95,11356.04,221.2,16590.01,75,time_exit,,0.0,0.0,0.0,0.0,0.0,0.0
2018-08-28,2018-09-03,long,11738.5,11621.12,11621.12,-117.39,-8803.88,75,stop_loss,,0.0,0.0,0.0,0.0,0.0,0.0
2018-09-04,2018-09-11,short,11520.3,11287.5,11635.5,232.8,17459.99,75,time_exit,,0.0,0.0,0.0,0.0,0.0,0.0
2018-09-14,2018-09-17,long,11515.2,11400.05,11400.05,-115.15,-8636.4,75,stop_loss,,0.0,0.0,0.0,0.0,0.0,0.0
2018-09-18,2018-09-26,short,11278.9,11053.8,11391.69,225.1,16882.54,75,time_exit,,0.0,0.0,0.0,0.0,0.0,0.0
2018-09-27,2018-10-05,short,10977.55,10316.45,11087.33,661.1,49582.47,75,time_exit,,0.0,0.0,0.0,0.0,0.0,0.0
2018-10-10,2018-10-11,long,10460.1,10355.5,10355.5,-104.6,-7845.07,75,stop_loss,,0.0,0.0,0.0,0.0,0.0,0.0
2018-10-12,2018-10-19,long,10472.5,10367.78,10367.78,-104.73,-7854.38,75,stop_loss,,0.0,0.0,0.0,0.0,0.0,0.0
2018-10-22,2018-10-29,short,10245.25,10250.85,10347.7,-5.6,-419.97,75,time_exit,,0.0,0.0,0.0,0.0,0.0,0.0
2018-10-31,2018-11-07,long,10386.6,10598.4,10282.73,211.8,15885.06,75,time_exit,,0.0,0.0,0.0,0.0,0.0,0.0
2018-11-12,2018-11-13,short,10482.2,10587.02,10587.02,-104.82,-7861.65,75,stop_loss,,0.0,0.0,0.0,0.0,0.0,0.0
2018-11-16,2018-11-21,long,10682.2,10575.38,10575.38,-106.82,-8011.65,75,stop_loss,,0.0,0.0,0.0,0.0,0.0,0.0
2018-11-22,2018-11-26,short,10526.75,10632.02,10632.02,-105.27,-7895.06,75,stop_loss,,0.0,0.0,0.0,0.0,0.0,0.0
2018-11-27,2018-12-04,long,10685.6,10869.5,10578.74,183.9,13792.53,75,time_exit,,0.0,0.0,0.0,0.0,0.0,0.0
2018-12-05,2018-12-12,short,10782.9,10737.6,10890.73,45.3,3397.56,75,time_exit,,0.0,0.0,0.0,0.0,0.0,0.0
2018-12-13,2018-12-20,long,10791.55,10951.7,10683.63,160.15,12011.28,75,time_exit,,0.0,0.0,0.0,0.0,0.0,0.0
2018-12-21,2018-12-28,short,10754.0,10861.54,10861.54,-107.54,-8065.5,75,stop_loss,,0.0,0.0,0.0,0.0,0.0,0.0
2019-01-02,2019-01-09,short,10792.5,10855.15,10900.42,-62.65,-4698.78,75,time_exit,,0.0,0.0,0.0,0.0,0.0,0.0
2019-01-11,2019-01-16,short,10794.95,10902.9,10902.9,-107.95,-8096.21,75,stop_loss,,0.0,0.0,0.0,0.0,0.0,0.0
2019-01-21,2019-01-23,long,10961.85,10852.23,10852.23,-109.62,-8221.39,75,stop_loss,,0.0,0.0,0.0,0.0,0.0,0.0
2019-01-25,2019-02-01,short,10780.55,10888.36,10888.36,-107.81,-8085.41,75,stop_loss,,0.0,0.0,0.0,0.0,0.0,0.0
2019-02-05,2019-02-12,long,10934.35,10825.01,10825.01,-109.34,-8200.76,75,stop_loss,,0.0,0.0,0.0,0.0,0.0,0.0
2019-02-14,2019-02-21,short,10746.05,10789.85,10853.51,-43.8,-3284.99,75,time_exit,,0.0,0.0,0.0,0.0,0.0,0.0
2019-02-25,2019-02-26,long,10880.1,10771.3,10771.3,-108.8,-8160.07,75,stop_loss,,0.0,0.0,0.0,0.0,0.0,0.0
2019-03-05,2019-03-12,long,10987.45,11301.2,10877.58,313.75,23531.25,75,time_exit,,0.0,0.0,0.0,0.0,0.0,0.0
2019-03-13,2019-03-20,long,11341.7,11521.05,11228.28,179.35,13451.22,75,time_exit,,0.0,0.0,0.0,0.0,0.0,0.0
2019-03-22,2019-03-28,short,11456.9,11571.47,11571.47,-114.57,-8592.68,75,stop_loss,,0.0,0.0,0.0,0.0,0.0,0.0
2019-04-01,2019-04-08,long,11669.15,11552.46,11552.46,-116.69,-8751.86,75,stop_loss,,0.0,0.0,0.0,0.0,0.0,0.0
2019-04-12,2019-04-23,long,11643.45,11575.95,11527.02,-67.5,-5062.5,75,time_exit,,0.0,0.0,0.0,0.0,0.0,0.0
2019-04-24,2019-05-03,long,11726.15,11712.25,11608.89,-13.9,-1042.53,75,time_exit,,0.0,0.0,0.0,0.0,0.0,0.0
2019-05-06,2019-05-13,short,11598.25,11148.2,11714.23,450.05,33753.74,75,time_exit,,0.0,0.0,0.0,0.0,0.0,0.0
2019-05-17,2019-05-24,long,11407.15,11844.1,11293.08,436.95,32771.19,75,time_exit,,0.0,0.0,0.0,0.0,0.0,0.0
2019-05-27,2019-06-03,long,11924.75,12088.55,11805.5,163.8,12284.99,75,time_exit,,0.0,0.0,0.0,0.0,0.0,0.0
2019-06-06,2019-06-10,short,11843.75,11962.19,11962.19,-118.44,-8882.81,75,stop_loss,,0.0,0.0,0.0,0.0,0.0,0.0
2019-06-17,2019-06-19,short,11672.15,11788.87,11788.87,-116.72,-8754.11,75,stop_loss,,0.0,0.0,0.0,0.0,0.0,0.0
2019-06-20,2019-06-21,long,11831.75,11713.43,11713.43,-118.32,-8873.81,75,stop_loss,,0.0,0.0,0.0,0.0,0.0,0.0
2019-06-24,2019-06-26,short,11699.65,11816.65,11816.65,-117.0,-8774.74,75,stop_loss,,0.0,0.0,0.0,0.0,0.0,0.0
2019-06-28,2019-07-02,short,11788.85,11906.74,11906.74,-117.89,-8841.64,75,stop_loss,,0.0,0.0,0.0,0.0,0.0,0.0
2019-07-04,2019-07-05,long,11946.75,11827.28,11827.28,-119.47,-8960.06,75,stop_loss,,0.0,0.0,0.0,0.0,0.0,0.0
2019-07-08,2019-07-15,short,11558.6,11588.35,11674.19,-29.75,-2231.25,75,time_exit,,0.0,0.0,0.0,0.0,0.0,0.0
2019-07-16,2019-07-19,long,11662.6,11545.97,11545.97,-116.63,-8746.95,75,stop_loss,,0.0,0.0,0.0,0.0,0.0,0.0
2019-07-22,2019-07-29,short,11346.2,11189.2,11459.66,157.0,11775.0,75,time_exit,,0.0,0.0,0.0,0.0,0.0,0.0
2019-07-30,2019-08-06,short,11085.4,10948.25,11196.25,137.15,10286.28,75,time_exit,,0.0,0.0,0.0,0.0,0.0,0.0
2019-08-08,2019-08-13,long,11032.45,10922.13,10922.13,-110.32,-8274.34,75,stop_loss,,0.0,0.0,0.0,0.0,0.0,0.0
2019-08-20,2019-08-27,short,11017.0,11127.17,11127.17,-110.17,-8262.75,75,stop_loss,,0.0,0.0,0.0,0.0,0.0,0.0
2019-08-28,2019-09-05,short,11046.1,10847.9,11156.56,198.2,14864.94,75,time_exit,,0.0,0.0,0.0,0.0,0.0,0.0
2019-09-06,2019-09-16,long,10946.2,11003.5,10836.74,57.3,4297.49,75,time_exit,,0.0,0.0,0.0,0.0,0.0,0.0
2019-09-17,2019-09-20,short,10817.6,10925.78,10925.78,-108.18,-8113.2,75,stop_loss,,0.0,0.0,0.0,0.0,0.0,0.0
2019-09-23,2019-09-25,long,11600.2,11484.2,11484.2,-116.0,-8700.15,75,stop_loss,,0.0,0.0,0.0,0.0,0.0,0.0
2019-09-26,2019-09-30,long,11571.2,11455.49,11455.49,-115.71,-8678.4,75,stop_loss,,0.0,0.0,0.0,0.0,0.0,0.0
2019-10-01,2019-10-10,short,11359.9,11234.55,11473.5,125.35,9401.29,75,time_exit,,0.0,0.0,0.0,0.0,0.0,0.0
2019-10-11,2019-10-18,long,11305.05,11661.85,11192.0,356.8,26759.99,75,time_exit,,0.0,0.0,0.0,0.0,0.0,0.0
2019-10-29,2019-11-05,long,11786.85,11917.2,11668.98,130.35,9776.29,75,time_exit,,0.0,0.0,0.0,0.0,0.0,0.0
2019-11-07,2019-11-08,long,12012.05,11891.93,11891.93,-120.12,-9009.04,75,stop_loss,,0.0,0.0,0.0,0.0,0.0,0.0
2019-11-13,2019-11-15,short,11840.45,11958.85,11958.85,-118.4,-8880.34,75,stop_loss,,0.0,0.0,0.0,0.0,0.0,0.0
2019-11-20,2019-11-27,long,11999.1,12100.7,11879.11,101.6,7620.04,75,time_exit,,0.0,0.0,0.0,0.0,0.0,0.0
2019-11-28,2019-11-29,long,12151.15,12029.64,12029.64,-121.51,-9113.36,75,stop_loss,,0.0,0.0,0.0,0.0,0.0,0.0
2019-12-03,2019-12-10,short,11994.2,11856.8,12114.14,137.4,10305.03,75,time_exit,,0.0,0.0,0.0,0.0,0.0,0.0
2019-12-12,2019-12-19,long,11971.8,12259.7,11852.08,287.9,21592.53,75,time_exit,,0.0,0.0,0.0,0.0,0.0,0.0
2019-12-20,2019-12-26,long,12271.8,12149.08,12149.08,-122.72,-9203.85,75,stop_loss,,0.0,0.0,0.0,0.0,0.0,0.0
2019-12-27,2020-01-06,long,12245.8,12123.34,12123.34,-122.46,-9184.35,75,stop_loss,,0.0,0.0,0.0,0.0,0.0,0.0
2020-01-09,2020-01-16,long,12215.9,12355.5,12093.74,139.6,10469.97,75,time_exit,,0.0,0.0,0.0,0.0,0.0,0.0
2020-01-20,2020-01-27,short,12224.55,12119.0,12346.8,105.55,7916.24,75,time_exit,,0.0,0.0,0.0,0.0,0.0,0.0
2020-01-28,2020-02-04,short,12055.8,11979.65,12176.36,76.15,5711.21,75,time_exit,,0.0,0.0,0.0,0.0,0.0,0.0
2020-02-05,2020-02-12,long,12089.15,12201.2,11968.26,112.05,8403.74,75,time_exit,,0.0,0.0,0.0,0.0,0.0,0.0
2020-02-14,2020-02-24,short,12113.45,11829.4,12234.58,284.05,21303.74,75,time_exit,,0.0,0.0,0.0,0.0,0.0,0.0
2020-02-25,2020-03-03,short,11797.9,11303.3,11915.88,494.6,37095.04,75,time_exit,,0.0,0.0,0.0,0.0,0.0,0.0
2020-03-06,2020-03-16,short,10989.45,9197.4,11099.34,1792.05,134403.74,75,time_exit,,0.0,0.0,0.0,0.0,0.0,0.0
2020-03-17,2020-03-18,short,8967.05,9056.72,9056.72,-89.67,-6725.29,75,stop_loss,,0.0,0.0,0.0,0.0,0.0,0.0
2020-03-19,2020-03-20,short,8263.45,8346.08,8346.08,-82.63,-6197.59,75,stop_loss,,0.0,0.0,0.0,0.0,0.0,0.0
2020-03-23,2020-03-24,short,7610.25,7686.35,7686.35,-76.1,-5707.69,75,stop_loss,,0.0,0.0,0.0,0.0,0.0,0.0
2020-03-25,2020-04-01,long,8317.85,8234.67,8234.67,-83.18,-6238.39,75,stop_loss,,0.0,0.0,0.0,0.0,0.0,0.0
2020-04-03,2020-04-07,short,8083.8,8164.64,8164.64,-80.84,-6062.85,75,stop_loss,,0.0,0.0,0.0,0.0,0.0,0.0
2020-04-17,2020-04-21,long,9266.75,9174.08,9174.08,-92.67,-6950.06,75,stop_loss,,0.0,0.0,0.0,0.0,0.0,0.0
2020-04-22,2020-04-29,long,9187.3,9553.35,9095.43,366.05,27453.74,75,time_exit,,0.0,0.0,0.0,0.0,0.0,0.0
2020-04-30,2020-05-04,long,9859.9,9761.3,9761.3,-98.6,-7394.93,75,stop_loss,,0.0,0.0,0.0,0.0,0.0,0.0
2020-05-05,2020-05-06,short,9205.6,9297.66,9297.66,-92.06,-6904.2,75,stop_loss,,0.0,0.0,0.0,0.0,0.0,0.0
2020-05-12,2020-05-13,short,9196.55,9288.52,9288.52,-91.97,-6897.41,75,stop_loss,,0.0,0.0,0.0,0.0,0.0,0.0
2020-05-14,2020-05-21,short,9142.75,9106.25,9234.18,36.5,2737.5,75,time_exit,,0.0,0.0,0.0,0.0,0.0,0.0
2020-05-22,2020-05-26,short,9039.25,9129.64,9129.64,-90.39,-6779.44,75,stop_loss,,0.0,0.0,0.0,0.0,0.0,0.0
2020-05-27,2020-06-03,long,9314.95,10061.55,9221.8,746.6,55994.97,75,time_exit,,0.0,0.0,0.0,0.0,0.0,0.0
2020-06-04,2020-06-05,short,10029.1,10129.39,10129.39,-100.29,-7521.82,75,stop_loss,,0.0,0.0,0.0,0.0,0.0,0.0
2020-06-09,2020-06-10,short,10046.65,10147.12,10147.12,-100.47,-7534.99,75,stop_loss,,0.0,0.0,0.0,0.0,0.0,0.0
2020-06-11,2020-06-16,short,9902.0,10001.02,10001.02,-99.02,-7426.5,75,stop_loss,,0.0,0.0,0.0,0.0,0.0,0.0
2020-06-18,2020-06-25,long,10091.65,10288.9,9990.73,197.25,14793.75,75,time_exit,,0.0,0.0,0.0,0.0,0.0,0.0
2020-06-26,2020-06-29,long,10383.0,10279.17,10279.17,-103.83,-7787.25,75,stop_loss,,0.0,0.0,0.0,0.0,0.0,0.0
2020-07-01,2020-07-08,long,10430.05,10705.75,10325.75,275.7,20677.51,75,time_exit,,0.0,0.0,0.0,0.0,0.0,0.0
2020-07-14,2020-07-15,short,10607.35,10713.42,10713.42,-106.07,-7955.51,75,stop_loss,,0.0,0.0,0.0,0.0,0.0,0.0
2020-07-17,2020-07-24,long,10901.7,11194.15,10792.68,292.45,21933.76,75,time_exit,,0.0,0.0,0.0,0.0,0.0,0.0
2020-07-28,2020-07-29,long,11300.55,11187.54,11187.54,-113.01,-8475.41,75,stop_loss,,0.0,0.0,0.0,0.0,0.0,0.0
2020-07-30,2020-08-05,short,11102.15,11213.17,11213.17,-111.02,-8326.61,75,stop_loss,,0.0,0.0,0.0,0.0,0.0,0.0
2020-08-10,2020-08-14,long,11270.15,11157.45,11157.45,-112.7,-8452.61,75,stop_loss,,0.0,0.0,0.0,0.0,0.0,0.0
2020-08-18,2020-08-25,long,11385.35,11472.25,11271.5,86.9,6517.53,75,time_exit,,0.0,0.0,0.0,0.0,0.0,0.0
2020-08-26,2020-08-31,long,11549.6,11434.1,11434.1,-115.5,-8662.2,75,stop_loss,,0.0,0.0,0.0,0.0,0.0,0.0
2020-09-04,2020-09-10,short,11333.85,11447.19,11447.19,-113.34,-8500.39,75,stop_loss,,0.0,0.0,0.0,0.0,0.0,0.0
2020-09-11,2020-09-18,long,11464.45,11504.95,11349.81,40.5,3037.5,75,time_exit,,0.0,0.0,0.0,0.0,0.0,0.0
2020-09-21,2020-09-28,short,11250.55,11227.55,11363.06,23.0,1725.0,75,time_exit,,0.0,0.0,0.0,0.0,0.0,0.0
2020-10-01,2020-10-09,long,11416.95,11914.2,11302.78,497.25,37293.75,75,time_exit,,0.0,0.0,0.0,0.0,0.0,0.0
2020-10-15,2020-10-19,short,11680.35,11797.15,11797.15,-116.8,-8760.26,75,stop_loss,,0.0,0.0,0.0,0.0,0.0,0.0
2020-10-26,2020-10-27,short,11767.75,11885.43,11885.43,-117.68,-8825.81,75,stop_loss,,0.0,0.0,0.0,0.0,0.0,0.0
2020-10-29,2020-11-03,short,11670.8,11787.51,11787.51,-116.71,-8753.1,75,stop_loss,,0.0,0.0,0.0,0.0,0.0,0.0
2020-11-04,2020-11-11,long,11908.5,12749.15,11789.42,840.65,63048.78,75,time_exit,,0.0,0.0,0.0,0.0,0.0,0.0
2020-11-17,2020-11-20,long,12874.2,12745.46,12745.46,-128.74,-9655.65,75,stop_loss,,0.0,0.0,0.0,0.0,0.0,0.0
2020-11-23,2020-11-26,long,12926.45,12797.19,12797.19,-129.26,-9694.84,75,stop_loss,,0.0,0.0,0.0,0.0,0.0,0.0
2020-12-01,2020-12-08,long,13109.05,13392.95,12977.96,283.9,21292.53,75,time_exit,,0.0,0.0,0.0,0.0,0.0,0.0
2020-12-09,2020-12-16,long,13529.1,13682.7,13393.81,153.6,11520.04,75,time_exit,,0.0,0.0,0.0,0.0,0.0,0.0
2020-12-17,2020-12-21,long,13740.7,13603.29,13603.29,-137.41,-10305.53,75,stop_loss,,0.0,0.0,0.0,0.0,0.0,0.0
2020-12-23,2020-12-31,long,13601.1,13981.75,13465.09,380.65,28548.78,75,time_exit,,0.0,0.0,0.0,0.0,0.0,0.0
2021-01-04,2021-01-11,long,14132.9,14484.75,13991.57,351.85,26388.72,75,time_exit,,0.0,0.0,0.0,0.0,0.0,0.0
2021-01-12,2021-01-15,long,14563.45,14417.82,14417.82,-145.63,-10922.59,75,stop_loss,,0.0,0.0,0.0,0.0,0.0,0.0
2021-01-18,2021-01-19,short,14281.3,14424.11,14424.11,-142.81,-10710.97,75,stop_loss,,0.0,0.0,0.0,0.0,0.0,0.0
2021-01-20,2021-01-25,long,14644.7,14498.25,14498.25,-146.45,-10983.53,75,stop_loss,,0.0,0.0,0.0,0.0,0.0,0.0
2021-01-27,2021-02-01,short,13967.5,14107.18,14107.18,-139.67,-10475.62,75,stop_loss,,0.0,0.0,0.0,0.0,0.0,0.0
2021-02-02,2021-02-09,long,14647.85,15109.3,14501.37,461.45,34608.76,75,time_exit,,0.0,0.0,0.0,0.0,0.0,0.0
2021-02-11,2021-02-19,long,15173.3,15021.57,15021.57,-151.73,-11379.97,75,stop_loss,,0.0,0.0,0.0,0.0,0.0,0.0
2021-02-22,2021-02-23,short,14675.7,14822.46,14822.46,-146.76,-11006.78,75,stop_loss,,0.0,0.0,0.0,0.0,0.0,0.0
2021-02-24,2021-02-26,long,14982.0,14832.18,14832.18,-149.82,-11236.5,75,stop_loss,,0.0,0.0,0.0,0.0,0.0,0.0
2021-03-02,2021-03-09,long,14919.1,15098.4,14769.91,179.3,13447.56,75,time_exit,,0.0,0.0,0.0,0.0,0.0,0.0
2021-03-10,2021-03-12,long,15174.8,15023.05,15023.05,-151.75,-11381.1,75,stop_loss,,0.0,0.0,0.0,0.0,0.0,0.0
2021-03-15,2021-03-22,short,14929.5,14736.4,15078.8,193.1,14482.47,75,time_exit,,0.0,0.0,0.0,0.0,0.0,0.0
2021-03-23,2021-03-24,long,14814.75,14666.6,14666.6,-148.15,-11111.06,75,stop_loss,,0.0,0.0,0.0,0.0,0.0,0.0
2021-03-25,2021-03-26,short,14324.9,14468.15,14468.15,-143.25,-10743.68,75,stop_loss,,0.0,0.0,0.0,0.0,0.0,0.0
2021-03-30,2021-03-31,long,14845.1,14696.65,14696.65,-148.45,-11133.82,75,stop_loss,,0.0,0.0,0.0,0.0,0.0,0.0
2021-04-01,2021-04-05,long,14867.35,14718.68,14718.68,-148.67,-11150.51,75,stop_loss,,0.0,0.0,0.0,0.0,0.0,0.0
2021-04-07,2021-04-12,long,14819.05,14670.86,14670.86,-148.19,-11114.29,75,stop_loss,,0.0,0.0,0.0,0.0,0.0,0.0
2021-04-15,2021-04-19,long,14581.45,14435.64,14435.64,-145.81,-10936.09,75,stop_loss,,0.0,0.0,0.0,0.0,0.0,0.0
2021-04-26,2021-05-03,long,14485.0,14634.15,14340.15,149.15,11186.28,75,time_exit,,0.0,0.0,0.0,0.0,0.0,0.0
2021-05-06,2021-05-17,long,14724.8,14923.15,14577.55,198.35,14876.29,75,time_exit,,0.0,0.0,0.0,0.0,0.0,0.0
2021-05-18,2021-05-27,long,15108.1,15337.85,14957.02,229.75,17231.25,75,time_exit,,0.0,0.0,0.0,0.0,0.0,0.0
2021-05-28,2021-06-07,long,15435.65,15751.65,15281.29,316.0,23700.0,75,time_exit,,0.0,0.0,0.0,0.0,0.0,0.0
2021-06-09,2021-06-11,short,15635.35,15791.7,15791.7,-156.35,-11726.51,75,stop_loss,,0.0,0.0,0.0,0.0,0.0,0.0
2021-06-15,2021-06-17,long,15869.25,15710.56,15710.56,-158.69,-11901.94,75,stop_loss,,0.0,0.0,0.0,0.0,0.0,0.0
2021-06-22,2021-06-29,long,15772.75,15748.45,15615.02,-24.3,-1822.49,75,time_exit,,0.0,0.0,0.0,0.0,0.0,0.0
2021-06-30,2021-07-06,short,15721.5,15878.72,15878.72,-157.22,-11791.13,75,stop_loss,,0.0,0.0,0.0,0.0,0.0,0.0
2021-07-08,2021-07-15,short,15727.9,15885.18,15885.18,-157.28,-11795.93,75,stop_loss,,0.0,0.0,0.0,0.0,0.0,0.0
2021-07-19,2021-07-27,short,15752.4,15746.45,15909.92,5.95,446.26,75,time_exit,,0.0,0.0,0.0,0.0,0.0,0.0
2021-07-29,2021-08-05,long,15778.45,16294.6,15620.67,516.15,38711.21,75,time_exit,,0.0,0.0,0.0,0.0,0.0,0.0
2021-08-12,2021-08-20,long,16364.4,16450.5,16200.76,86.1,6457.47,75,time_exit,,0.0,0.0,0.0,0.0,0.0,0.0
2021-08-24,2021-08-31,long,16624.6,17132.2,16458.35,507.6,38069.97,75,time_exit,,0.0,0.0,0.0,0.0,0.0,0.0
2021-09-02,2021-09-09,long,17234.15,17369.25,17061.81,135.1,10132.47,75,time_exit,,0.0,0.0,0.0,0.0,0.0,0.0
2021-09-14,2021-09-21,long,17380.0,17562.0,17206.2,182.0,13650.0,75,time_exit,,0.0,0.0,0.0,0.0,0.0,0.0
2021-09-23,2021-09-28,long,17822.95,17644.72,17644.72,-178.23,-13367.21,75,stop_loss,,0.0,0.0,0.0,0.0,0.0,0.0
2021-10-01,2021-10-04,short,17532.05,17707.37,17707.37,-175.32,-13149.04,75,stop_loss,,0.0,0.0,0.0,0.0,0.0,0.0
2021-10-05,2021-10-06,long,17822.3,17644.08,17644.08,-178.22,-13366.73,75,stop_loss,,0.0,0.0,0.0,0.0,0.0,0.0
2021-10-08,2021-10-18,long,17895.2,18477.05,17716.25,581.85,43638.87,75,time_exit,,0.0,0.0,0.0,0.0,0.0,0.0
2021-10-19,2021-10-26,short,18418.75,18268.4,18602.94,150.35,11276.22,75,time_exit,,0.0,0.0,0.0,0.0,0.0,0.0
2021-10-28,2021-11-04,short,17857.25,17916.8,18035.82,-59.55,-4466.31,75,time_exit,,0.0,0.0,0.0,0.0,0.0,0.0
2021-11-08,2021-11-11,long,18068.55,17887.87,17887.87,-180.69,-13551.41,75,stop_loss,,0.0,0.0,0.0,0.0,0.0,0.0
2021-11-12,2021-11-17,long,18102.75,17921.72,17921.72,-181.03,-13577.06,75,stop_loss,,0.0,0.0,0.0,0.0,0.0,0.0
2021-11-18,2021-11-26,short,17764.8,17026.45,17942.45,738.35,55376.37,75,time_exit,,0.0,0.0,0.0,0.0,0.0,0.0
2021-12-02,2021-12-03,long,17401.65,17227.63,17227.63,-174.02,-13051.24,75,stop_loss,,0.0,0.0,0.0,0.0,0.0,0.0
2021-12-06,2021-12-07,short,16912.25,17081.37,17081.37,-169.12,-12684.19,75,stop_loss,,0.0,0.0,0.0,0.0,0.0,0.0
2021-12-08,2021-12-14,long,17469.75,17295.05,17295.05,-174.7,-13102.31,75,stop_loss,,0.0,0.0,0.0,0.0,0.0,0.0
2021-12-15,2021-12-22,short,17221.4,16955.45,17393.61,265.95,19946.34,75,time_exit,,0.0,0.0,0.0,0.0,0.0,0.0
2021-12-23,2021-12-27,long,17072.6,16901.87,16901.87,-170.73,-12804.45,75,stop_loss,,0.0,0.0,0.0,0.0,0.0,0.0
2021-12-28,2022-01-04,long,17233.25,17805.25,17060.92,572.0,42900.0,75,time_exit,,0.0,0.0,0.0,0.0,0.0,0.0
2022-01-05,2022-01-06,long,17925.25,17746.0,17746.0,-179.25,-13443.94,75,stop_loss,,0.0,0.0,0.0,0.0,0.0,0.0
2022-01-07,2022-01-14,long,17812.7,18255.75,17634.57,443.05,33228.81,75,time_exit,,0.0,0.0,0.0,0.0,0.0,0.0
2022-01-17,2022-01-18,long,18308.1,18125.02,18125.02,-183.08,-13731.07,75,stop_loss,,0.0,0.0,0.0,0.0,0.0,0.0
2022-01-19,2022-01-27,short,17938.4,17110.15,18117.78,828.25,62118.75,75,time_exit,,0.0,0.0,0.0,0.0,0.0,0.0
2022-02-01,2022-02-07,long,17576.85,17401.08,17401.08,-175.77,-13182.64,75,stop_loss,,0.0,0.0,0.0,0.0,0.0,0.0
2022-02-09,2022-02-14,long,17463.8,17289.16,17289.16,-174.64,-13097.85,75,stop_loss,,0.0,0.0,0.0,0.0,0.0,0.0
2022-02-15,2022-02-21,long,17352.45,17178.92,17178.92,-173.52,-13014.34,75,stop_loss,,0.0,0.0,0.0,0.0,0.0,0.0
2022-02-24,2022-02-25,short,16247.95,16410.43,16410.43,-162.48,-12185.96,75,stop_loss,,0.0,0.0,0.0,0.0,0.0,0.0
2022-02-28,2022-03-02,long,16793.9,16625.96,16625.96,-167.94,-12595.43,75,stop_loss,,0.0,0.0,0.0,0.0,0.0,0.0
2022-03-04,2022-03-09,short,16245.35,16407.8,16407.8,-162.45,-12184.01,75,stop_loss,,0.0,0.0,0.0,0.0,0.0,0.0
2022-03-10,2022-03-17,long,16594.9,17287.05,16428.95,692.15,51911.28,75,time_exit,,0.0,0.0,0.0,0.0,0.0,0.0
2022-03-21,2022-03-22,short,17117.6,17288.78,17288.78,-171.18,-12838.2,75,stop_loss,,0.0,0.0,0.0,0.0,0.0,0.0
2022-03-29,2022-04-05,long,17325.3,17957.4,17152.05,632.1,47407.47,75,time_exit,,0.0,0.0,0.0,0.0,0.0,0.0
2022-04-06,2022-04-13,short,17807.65,17475.65,17985.73,332.0,24900.0,75,time_exit,,0.0,0.0,0.0,0.0,0.0,0.0
2022-04-18,2022-04-21,short,17173.65,17345.39,17345.39,-171.74,-12880.24,75,stop_loss,,0.0,0.0,0.0,0.0,0.0,0.0
2022-04-22,2022-04-29,short,17171.95,17343.67,17343.67,-171.72,-12878.96,75,stop_loss,,0.0,0.0,0.0,0.0,0.0,0.0
2022-05-04,2022-05-05,short,16677.6,16844.38,16844.38,-166.78,-12508.2,75,stop_loss,,0.0,0.0,0.0,0.0,0.0,0.0
2022-05-06,2022-05-13,short,16411.25,15782.15,16575.36,629.1,47182.47,75,time_exit,,0.0,0.0,0.0,0.0,0.0,0.0
2022-05-17,2022-05-19,long,16259.3,16096.71,16096.71,-162.59,-12194.47,75,stop_loss,,0.0,0.0,0.0,0.0,0.0,0.0
2022-05-20,2022-05-24,long,16266.15,16103.49,16103.49,-162.66,-12199.61,75,stop_loss,,0.0,0.0,0.0,0.0,0.0,0.0
2022-05-25,2022-05-26,short,16025.8,16186.06,16186.06,-160.26,-12019.35,75,stop_loss,,0.0,0.0,0.0,0.0,0.0,0.0
2022-05-27,2022-06-03,long,16352.45,16584.3,16188.93,231.85,17388.79,75,time_exit,,0.0,0.0,0.0,0.0,0.0,0.0
2022-06-07,2022-06-14,short,16416.35,15732.1,16580.51,684.25,51318.75,75,time_exit,,0.0,0.0,0.0,0.0,0.0,0.0
2022-06-16,2022-06-21,short,15360.6,15514.21,15514.21,-153.61,-11520.45,75,stop_loss,,0.0,0.0,0.0,0.0,0.0,0.0
2022-06-22,2022-06-23,short,15413.3,15567.43,15567.43,-154.13,-11559.97,75,stop_loss,,0.0,0.0,0.0,0.0,0.0,0.0
2022-06-24,2022-07-01,long,15699.25,15542.26,15542.26,-156.99,-11774.44,75,stop_loss,,0.0,0.0,0.0,0.0,0.0,0.0
2022-07-04,2022-07-11,long,15835.35,16216.0,15677.0,380.65,28548.78,75,time_exit,,0.0,0.0,0.0,0.0,0.0,0.0
2022-07-12,2022-07-18,short,16058.3,16218.88,16218.88,-160.58,-12043.72,75,stop_loss,,0.0,0.0,0.0,0.0,0.0,0.0
2022-07-19,2022-07-26,long,16340.55,16483.85,16177.14,143.3,10747.49,75,time_exit,,0.0,0.0,0.0,0.0,0.0,0.0
2022-07-27,2022-08-03,long,16641.8,17388.15,16475.38,746.35,55976.22,75,time_exit,,0.0,0.0,0.0,0.0,0.0,0.0
2022-08-08,2022-08-17,long,17525.1,17944.25,17349.85,419.15,31436.28,75,time_exit,,0.0,0.0,0.0,0.0,0.0,0.0
2022-08-19,2022-08-26,short,17758.45,17558.9,17936.03,199.55,14966.16,75,time_exit,,0.0,0.0,0.0,0.0,0.0,0.0
2022-08-29,2022-08-30,short,17312.9,17486.03,17486.03,-173.13,-12984.68,75,stop_loss,,0.0,0.0,0.0,0.0,0.0,0.0
2022-09-05,2022-09-07,long,17665.8,17489.14,17489.14,-176.66,-13249.35,75,stop_loss,,0.0,0.0,0.0,0.0,0.0,0.0
2022-09-08,2022-09-15,long,17798.75,17877.4,17620.76,78.65,5898.78,75,time_exit,,0.0,0.0,0.0,0.0,0.0,0.0
2022-09-16,2022-09-20,short,17530.85,17706.16,17706.16,-175.31,-13148.14,75,stop_loss,,0.0,0.0,0.0,0.0,0.0,0.0
2022-09-21,2022-09-28,short,17718.35,16858.6,17895.53,859.75,64481.25,75,time_exit,,0.0,0.0,0.0,0.0,0.0,0.0
2022-09-29,2022-09-30,short,16818.1,16986.28,16986.28,-168.18,-12613.57,75,stop_loss,,0.0,0.0,0.0,0.0,0.0,0.0
2022-10-04,2022-10-10,long,17274.3,17101.56,17101.56,-172.74,-12955.73,75,stop_loss,,0.0,0.0,0.0,0.0,0.0,0.0
2022-10-11,2022-10-14,short,16983.55,17153.39,17153.39,-169.84,-12737.66,75,stop_loss,,0.0,0.0,0.0,0.0,0.0,0.0
2022-10-18,2022-10-25,long,17486.95,17656.35,17312.08,169.4,12705.03,75,time_exit,,0.0,0.0,0.0,0.0,0.0,0.0
2022-10-28,2022-11-04,long,17786.8,18117.15,17608.93,330.35,24776.22,75,time_exit,,0.0,0.0,0.0,0.0,0.0,0.0
2022-11-07,2022-11-10,long,18202.8,18020.77,18020.77,-182.03,-13652.1,75,stop_loss,,0.0,0.0,0.0,0.0,0.0,0.0
2022-11-11,2022-11-18,long,18349.7,18307.65,18166.2,-42.05,-3153.66,75,time_exit,,0.0,0.0,0.0,0.0,0.0,0.0
2022-11-21,2022-11-24,short,18159.95,18341.55,18341.55,-181.6,-13619.96,75,stop_loss,,0.0,0.0,0.0,0.0,0.0,0.0
2022-11-28,2022-12-05,long,18562.75,18701.05,18377.12,138.3,10372.56,75,time_exit,,0.0,0.0,0.0,0.0,0.0,0.0
2022-12-07,2022-12-14,short,18560.5,18660.3,18746.1,-99.8,-7485.06,75,time_exit,,0.0,0.0,0.0,0.0,0.0,0.0
2022-12-15,2022-12-22,short,18414.9,18127.35,18599.05,287.55,21566.31,75,time_exit,,0.0,0.0,0.0,0.0,0.0,0.0
2022-12-23,2022-12-27,short,17806.8,17984.87,17984.87,-178.07,-13355.1,75,stop_loss,,0.0,0.0,0.0,0.0,0.0,0.0
2022-12-29,2023-01-05,long,18191.0,18009.09,18009.09,-181.91,-13643.25,75,stop_loss,,0.0,0.0,0.0,0.0,0.0,0.0
2023-01-06,2023-01-09,short,17859.45,18038.04,18038.04,-178.59,-13394.59,75,stop_loss,,0.0,0.0,0.0,0.0,0.0,0.0
2023-01-10,2023-01-17,short,17914.15,18053.3,18093.29,-139.15,-10436.28,75,time_exit,,0.0,0.0,0.0,0.0,0.0,0.0
2023-01-18,2023-01-25,long,18165.35,17983.7,17983.7,-181.65,-13624.01,75,stop_loss,,0.0,0.0,0.0,0.0,0.0,0.0
2023-01-27,2023-02-01,short,17604.35,17780.39,17780.39,-176.04,-13203.26,75,stop_loss,,0.0,0.0,0.0,0.0,0.0,0.0
2023-02-03,2023-02-07,long,17854.05,17675.51,17675.51,-178.54,-13390.54,75,stop_loss,,0.0,0.0,0.0,0.0,0.0,0.0
2023-02-08,2023-02-15,long,17871.7,18015.85,17692.98,144.15,10811.28,75,time_exit,,0.0,0.0,0.0,0.0,0.0,0.0
2023-02-16,2023-02-20,long,18035.85,17855.49,17855.49,-180.36,-13526.89,75,stop_loss,,0.0,0.0,0.0,0.0,0.0,0.0
2023-02-22,2023-03-01,short,17554.3,17450.9,17729.84,103.4,7755.03,75,time_exit,,0.0,0.0,0.0,0.0,0.0,0.0
2023-03-02,2023-03-03,short,17321.9,17495.12,17495.12,-173.22,-12991.43,75,stop_loss,,0.0,0.0,0.0,0.0,0.0,0.0
2023-03-06,2023-03-10,long,17711.45,17534.33,17534.33,-177.11,-13283.59,75,stop_loss,,0.0,0.0,0.0,0.0,0.0,0.0
2023-03-13,2023-03-20,short,17154.3,16988.4,17325.84,165.9,12442.53,75,time_exit,,0.0,0.0,0.0,0.0,0.0,0.0
2023-03-21,2023-03-24,long,17107.5,16936.42,16936.42,-171.08,-12830.63,75,stop_loss,,0.0,0.0,0.0,0.0,0.0,0.0
2023-03-29,2023-04-10,long,17080.7,17624.05,16909.89,543.35,40751.37,75,time_exit,,0.0,0.0,0.0,0.0,0.0,0.0
2023-04-11,2023-04-19,long,17722.3,17618.75,17545.08,-103.55,-7766.31,75,time_exit,,0.0,0.0,0.0,0.0,0.0,0.0
2023-04-24,2023-05-02,long,17743.4,18147.65,17565.97,404.25,30318.75,75,time_exit,,0.0,0.0,0.0,0.0,0.0,0.0
2023-05-03,2023-05-08,short,18089.85,18270.75,18270.75,-180.9,-13567.39,75,stop_loss,,0.0,0.0,0.0,0.0,0.0,0.0
2023-05-15,2023-05-17,long,18398.85,18214.86,18214.86,-183.99,-13799.14,75,stop_loss,,0.0,0.0,0.0,0.0,0.0,0.0
2023-05-22,2023-05-29,long,18314.4,18598.65,18131.26,284.25,21318.75,75,time_exit,,0.0,0.0,0.0,0.0,0.0,0.0
2023-05-31,2023-06-07,short,18534.4,18719.74,18719.74,-185.34,-13900.8,75,stop_loss,,0.0,0.0,0.0,0.0,0.0,0.0
2023-06-08,2023-06-15,short,18634.55,18688.1,18820.9,-53.55,-4016.16,75,time_exit,,0.0,0.0,0.0,0.0,0.0,0.0
2023-06-16,2023-06-23,long,18826.0,18665.5,18637.74,-160.5,-12037.5,75,time_exit,,0.0,0.0,0.0,0.0,0.0,0.0
2023-06-27,2023-07-05,long,18817.4,19398.5,18629.23,581.1,43582.47,75,time_exit,,0.0,0.0,0.0,0.0,0.0,0.0
2023-07-06,2023-07-13,long,19497.3,19413.75,19302.33,-83.55,-6266.31,75,time_exit,,0.0,0.0,0.0,0.0,0.0,0.0
2023-07-17,2023-07-24,long,19711.45,19672.35,19514.33,-39.1,-2932.47,75,time_exit,,0.0,0.0,0.0,0.0,0.0,0.0
2023-07-26,2023-07-28,long,19778.3,19580.52,19580.52,-197.78,-14833.73,75,stop_loss,,0.0,0.0,0.0,0.0,0.0,0.0
2023-07-31,2023-08-02,long,19753.8,19556.26,19556.26,-197.54,-14815.35,75,stop_loss,,0.0,0.0,0.0,0.0,0.0,0.0
2023-08-03,2023-08-07,short,19381.65,19575.47,19575.47,-193.82,-14536.24,75,stop_loss,,0.0,0.0,0.0,0.0,0.0,0.0
2023-08-11,2023-08-21,short,19428.3,19393.6,19622.58,34.7,2602.59,75,time_exit,,0.0,0.0,0.0,0.0,0.0,0.0
2023-08-23,2023-08-25,long,19444.0,19249.56,19249.56,-194.44,-14583.0,75,stop_loss,,0.0,0.0,0.0,0.0,0.0,0.0
2023-08-31,2023-09-01,short,19253.8,19446.34,19446.34,-192.54,-14440.35,75,stop_loss,,0.0,0.0,0.0,0.0,0.0,0.0
2023-09-04,2023-09-11,long,19528.8,19996.35,19333.51,467.55,35066.16,75,time_exit,,0.0,0.0,0.0,0.0,0.0,0.0
2023-09-14,2023-09-20,long,20103.1,19902.07,19902.07,-201.03,-15077.32,75,stop_loss,,0.0,0.0,0.0,0.0,0.0,0.0
2023-09-21,2023-09-28,short,19742.35,19523.55,19939.77,218.8,16409.91,75,time_exit,,0.0,0.0,0.0,0.0,0.0,0.0
2023-10-03,2023-10-10,short,19528.75,19689.85,19724.04,-161.1,-12082.47,75,time_exit,,0.0,0.0,0.0,0.0,0.0,0.0
2023-10-11,2023-10-18,long,19811.35,19671.1,19613.24,-140.25,-10518.75,75,time_exit,,0.0,0.0,0.0,0.0,0.0,0.0
2023-10-19,2023-10-27,short,19624.7,19047.25,19820.95,577.45,43308.69,75,time_exit,,0.0,0.0,0.0,0.0,0.0,0.0
2023-10-30,2023-11-06,long,19140.9,19411.75,18949.49,270.85,20313.72,75,time_exit,,0.0,0.0,0.0,0.0,0.0,0.0
2023-11-08,2023-11-16,long,19443.5,19765.2,19249.06,321.7,24127.44,75,time_exit,,0.0,0.0,0.0,0.0,0.0,0.0
2023-11-21,2023-11-29,long,19783.4,20096.6,19585.57,313.2,23489.94,75,time_exit,,0.0,0.0,0.0,0.0,0.0,0.0
2023-11-30,2023-12-07,long,20133.15,20901.15,19931.82,768.0,57600.0,75,time_exit,,0.0,0.0,0.0,0.0,0.0,0.0
2023-12-08,2023-12-15,long,20969.4,21456.65,20759.71,487.25,36543.75,75,time_exit,,0.0,0.0,0.0,0.0,0.0,0.0
2023-12-20,2023-12-22,short,21150.15,21361.65,21361.65,-211.5,-15862.61,75,stop_loss,,0.0,0.0,0.0,0.0,0.0,0.0
2023-12-26,2024-01-03,long,21441.35,21517.35,21226.94,76.0,5700.0,75,time_exit,,0.0,0.0,0.0,0.0,0.0,0.0
2024-01-05,2024-01-08,long,21710.8,21493.69,21493.69,-217.11,-16283.1,75,stop_loss,,0.0,0.0,0.0,0.0,0.0,0.0
2024-01-11,2024-01-18,long,21647.2,21430.73,21430.73,-216.47,-16235.4,75,stop_loss,,0.0,0.0,0.0,0.0,0.0,0.0
2024-01-19,2024-01-23,long,21622.4,21406.18,21406.18,-216.22,-16216.8,75,stop_loss,,0.0,0.0,0.0,0.0,0.0,0.0
2024-01-29,2024-01-30,long,21737.6,21520.22,21520.22,-217.38,-16303.2,75,stop_loss,,0.0,0.0,0.0,0.0,0.0,0.0
2024-02-02,2024-02-09,long,21853.8,21635.26,21635.26,-218.54,-16390.35,75,stop_loss,,0.0,0.0,0.0,0.0,0.0,0.0
2024-02-12,2024-02-14,short,21616.05,21832.21,21832.21,-216.16,-16212.04,75,stop_loss,,0.0,0.0,0.0,0.0,0.0,0.0
2024-02-15,2024-02-23,long,21910.75,22212.7,21691.64,301.95,22646.19,75,time_exit,,0.0,0.0,0.0,0.0,0.0,0.0
2024-02-26,2024-03-01,short,22122.05,22343.27,22343.27,-221.22,-16591.54,75,stop_loss,,0.0,0.0,0.0,0.0,0.0,0.0
2024-03-04,2024-03-12,long,22405.6,22335.7,22181.54,-69.9,-5242.53,75,time_exit,,0.0,0.0,0.0,0.0,0.0,0.0
2024-03-13,2024-03-20,short,21997.7,21839.1,22217.68,158.6,11894.97,75,time_exit,,0.0,0.0,0.0,0.0,0.0,0.0
2024-03-21,2024-04-01,long,22011.95,22462.0,21791.83,450.05,33753.81,75,time_exit,,0.0,0.0,0.0,0.0,0.0,0.0
2024-04-08,2024-04-15,long,22666.3,22439.64,22439.64,-226.66,-16999.73,75,stop_loss,,0.0,0.0,0.0,0.0,0.0,0.0
2024-04-16,2024-04-22,short,22147.9,22369.38,22369.38,-221.48,-16610.93,75,stop_loss,,0.0,0.0,0.0,0.0,0.0,0.0
2024-04-25,2024-05-03,long,22570.35,22475.85,22344.65,-94.5,-7087.5,75,time_exit,,0.0,0.0,0.0,0.0,0.0,0.0
2024-05-07,2024-05-14,short,22302.5,22217.85,22525.52,84.65,6348.78,75,time_exit,,0.0,0.0,0.0,0.0,0.0,0.0
2024-05-16,2024-05-24,long,22403.85,22957.1,22179.81,553.25,41493.75,75,time_exit,,0.0,0.0,0.0,0.0,0.0,0.0
2024-05-29,2024-06-03,short,22704.7,22931.75,22931.75,-227.05,-17028.52,75,stop_loss,,0.0,0.0,0.0,0.0,0.0,0.0
2024-06-04,2024-06-05,short,21884.5,22103.34,22103.34,-218.85,-16413.38,75,stop_loss,,0.0,0.0,0.0,0.0,0.0,0.0
2024-06-06,2024-06-13,long,22821.4,23398.9,22593.19,577.5,43312.5,75,time_exit,,0.0,0.0,0.0,0.0,0.0,0.0
2024-06-18,2024-06-25,long,23557.9,23721.3,23322.32,163.4,12255.03,75,time_exit,,0.0,0.0,0.0,0.0,0.0,0.0
2024-06-26,2024-07-03,long,23868.8,24286.5,23630.11,417.7,31327.44,75,time_exit,,0.0,0.0,0.0,0.0,0.0,0.0
2024-07-09,2024-07-10,long,24433.2,24188.87,24188.87,-244.33,-18324.9,75,stop_loss,,0.0,0.0,0.0,0.0,0.0,0.0
2024-07-12,2024-07-22,long,24502.15,24509.25,24257.13,7.1,532.47,75,time_exit,,0.0,0.0,0.0,0.0,0.0,0.0
2024-07-26,2024-08-02,long,24834.85,24717.7,24586.5,-117.15,-8786.28,75,time_exit,,0.0,0.0,0.0,0.0,0.0,0.0
2024-08-05,2024-08-06,short,24055.6,24296.16,24296.16,-240.56,-18041.7,75,stop_loss,,0.0,0.0,0.0,0.0,0.0,0.0
2024-08-08,2024-08-09,short,24117.0,24358.17,24358.17,-241.17,-18087.75,75,stop_loss,,0.0,0.0,0.0,0.0,0.0,0.0
2024-08-13,2024-08-16,short,24139.0,24380.39,24380.39,-241.39,-18104.25,75,stop_loss,,0.0,0.0,0.0,0.0,0.0,0.0
2024-08-19,2024-08-26,long,24572.65,25010.6,24326.92,437.95,32846.19,75,time_exit,,0.0,0.0,0.0,0.0,0.0,0.0
2024-08-29,2024-09-05,long,25151.95,25145.1,24900.43,-6.85,-513.72,75,time_exit,,0.0,0.0,0.0,0.0,0.0,0.0
2024-09-06,2024-09-10,short,24852.15,25100.67,25100.67,-248.52,-18639.11,75,stop_loss,,0.0,0.0,0.0,0.0,0.0,0.0
2024-09-12,2024-09-19,long,25388.9,25415.8,25135.01,26.9,2017.53,75,time_exit,,0.0,0.0,0.0,0.0,0.0,0.0
2024-09-20,2024-09-27,long,25790.95,26178.95,25533.04,388.0,29100.0,75,time_exit,,0.0,0.0,0.0,0.0,0.0,0.0
2024-09-30,2024-10-08,short,25810.85,25013.15,26068.96,797.7,59827.44,75,time_exit,,0.0,0.0,0.0,0.0,0.0,0.0
2024-10-11,2024-10-18,short,24964.25,24854.05,25213.89,110.2,8264.94,75,time_exit,,0.0,0.0,0.0,0.0,0.0,0.0
2024-10-22,2024-10-29,short,24472.1,24466.85,24716.82,5.25,393.75,75,time_exit,,0.0,0.0,0.0,0.0,0.0,0.0
2024-10-31,2024-11-06,short,24205.35,24447.4,24447.4,-242.05,-18154.01,75,stop_loss,,0.0,0.0,0.0,0.0,0.0,0.0
2024-11-07,2024-11-14,short,24199.35,23532.7,24441.34,666.65,49998.78,75,time_exit,,0.0,0.0,0.0,0.0,0.0,0.0
2024-11-18,2024-11-19,short,23453.8,23688.34,23688.34,-234.54,-17590.35,75,stop_loss,,0.0,0.0,0.0,0.0,0.0,0.0
2024-11-21,2024-11-22,short,23349.9,23583.4,23583.4,-233.5,-17512.43,75,stop_loss,,0.0,0.0,0.0,0.0,0.0,0.0
2024-11-25,2024-11-28,long,24221.9,23979.68,23979.68,-242.22,-6055.48,25,stop_loss,,0.0,0.0,0.0,0.0,0.0,0.0
2024-12-02,2024-12-09,long,24276.05,24619.0,24033.29,342.95,8573.73,25,time_exit,,0.0,0.0,0.0,0.0,0.0,0.0
2024-12-12,2024-12-19,short,24548.7,23951.7,24794.19,597.0,14925.0,25,time_exit,,0.0,0.0,0.0,0.0,0.0,0.0
2024-12-20,2024-12-23,short,23587.5,23823.38,23823.38,-235.88,-5896.88,25,stop_loss,,0.0,0.0,0.0,0.0,0.0,0.0
2024-12-30,2025-01-02,short,23644.9,23881.35,23881.35,-236.45,-5911.23,25,stop_loss,,0.0,0.0,0.0,0.0,0.0,0.0
2025-01-06,2025-01-13,short,23616.05,23085.95,23852.21,530.1,13252.54,25,time_exit,,0.0,0.0,0.0,0.0,0.0,0.0
2025-01-16,2025-01-21,long,23311.8,23078.68,23078.68,-233.12,-5827.95,25,stop_loss,,0.0,0.0,0.0,0.0,0.0,0.0
2025-01-23,2025-01-27,long,23205.35,22973.3,22973.3,-232.05,-5801.34,25,stop_loss,,0.0,0.0,0.0,0.0,0.0,0.0
2025-01-29,2025-02-05,long,23163.1,23696.3,22931.47,533.2,13330.03,25,time_exit,,0.0,0.0,0.0,0.0,0.0,0.0
2025-02-06,2025-02-13,short,23603.35,23031.4,23839.38,571.95,14298.73,25,time_exit,,0.0,0.0,0.0,0.0,0.0,0.0
2025-02-14,2025-02-21,short,22929.25,22795.9,23158.54,133.35,3333.74,25,time_exit,,0.0,0.0,0.0,0.0,0.0,0.0
2025-02-24,2025-03-04,short,22553.35,22082.65,22778.88,470.7,11767.48,25,time_exit,,0.0,0.0,0.0,0.0,0.0,0.0
2025-03-05,2025-03-12,long,22337.3,22470.5,22113.93,133.2,3329.98,25,time_exit,,0.0,0.0,0.0,0.0,0.0,0.0
2025-03-18,2025-03-25,long,22834.3,23668.65,22605.96,834.35,20858.74,25,time_exit,,0.0,0.0,0.0,0.0,0.0,0.0
2025-03-26,2025-04-03,short,23486.85,23250.1,23721.72,236.75,5918.75,25,time_exit,,0.0,0.0,0.0,0.0,0.0,0.0
2025-04-04,2025-04-15,short,22904.45,23133.49,23133.49,-229.04,-5726.11,25,stop_loss,,0.0,0.0,0.0,0.0,0.0,0.0
2025-04-16,2025-04-24,long,23437.2,24246.7,23202.83,809.5,20237.5,25,time_exit,,0.0,0.0,0.0,0.0,0.0,0.0
2025-04-25,2025-04-28,short,24039.35,24279.74,24279.74,-240.39,-6009.84,25,stop_loss,,0.0,0.0,0.0,0.0,0.0,0.0
2025-05-06,2025-05-12,short,24379.6,24623.4,24623.4,-243.8,-6094.9,25,stop_loss,,0.0,0.0,0.0,0.0,0.0,0.0
2025-05-15,2025-05-20,long,25062.1,24811.48,24811.48,-250.62,-6265.52,25,stop_loss,,0.0,0.0,0.0,0.0,0.0,0.0
2025-05-22,2025-05-23,short,24609.7,24855.8,24855.8,-246.1,-6152.42,25,stop_loss,,0.0,0.0,0.0,0.0,0.0,0.0
2025-05-26,2025-05-27,long,25001.15,24751.14,24751.14,-250.01,-6250.29,25,stop_loss,,0.0,0.0,0.0,0.0,0.0,0.0
2025-06-02,2025-06-06,short,24716.6,24963.77,24963.77,-247.17,-6179.15,25,stop_loss,,0.0,0.0,0.0,0.0,0.0,0.0
2025-06-09,2025-06-12,long,25103.2,24852.17,24852.17,-251.03,-6275.8,25,stop_loss,,0.0,0.0,0.0,0.0,0.0,0.0
2025-06-13,2025-06-16,short,24718.6,24965.79,24965.79,-247.19,-6179.65,25,stop_loss,,0.0,0.0,0.0,0.0,0.0,0.0
2025-06-18,2025-06-20,short,24812.05,25060.17,25060.17,-248.12,-6203.01,25,stop_loss,,0.0,0.0,0.0,0.0,0.0,0.0
2025-06-26,2025-07-03,long,25549.0,25405.3,25293.51,-143.7,-3592.48,25,time_exit,,0.0,0.0,0.0,0.0,0.0,0.0
2025-07-08,2025-07-11,long,25522.5,25267.28,25267.28,-255.22,-6380.62,25,stop_loss,,0.0,0.0,0.0,0.0,0.0,0.0
2025-07-14,2025-07-21,short,25082.3,25090.7,25333.12,-8.4,-209.96,25,time_exit,,0.0,0.0,0.0,0.0,0.0,0.0
2025-07-23,2025-07-25,long,25219.9,24967.7,24967.7,-252.2,-6304.98,25,stop_loss,,0.0,0.0,0.0,0.0,0.0,0.0
2025-07-28,2025-07-31,short,24680.9,24927.71,24927.71,-246.81,-6170.23,25,stop_loss,,0.0,0.0,0.0,0.0,0.0,0.0
2025-08-01,2025-08-08,short,24565.35,24363.3,24811.0,202.05,5051.22,25,time_exit,,0.0,0.0,0.0,0.0,0.0,0.0
2025-08-18,2025-08-25,long,24876.95,24967.75,24628.18,90.8,2270.02,25,time_exit,,0.0,0.0,0.0,0.0,0.0,0.0
2025-08-26,2025-09-03,short,24712.05,24715.05,24959.17,-3.0,-75.0,25,time_exit,,0.0,0.0,0.0,0.0,0.0,0.0
2025-09-10,2025-09-17,long,24973.1,25330.25,24723.37,357.15,8928.76,25,time_exit,,0.0,0.0,0.0,0.0,0.0,0.0
2025-09-18,2025-09-22,long,25423.6,25169.36,25169.36,-254.24,-6355.9,25,stop_loss,,0.0,0.0,0.0,0.0,0.0,0.0
2025-09-24,2025-10-01,short,25056.9,24836.3,25307.47,220.6,5514.99,25,time_exit,,0.0,0.0,0.0,0.0,0.0,0.0
2025-10-03,2025-10-10,long,24894.25,25285.35,24645.31,391.1,9777.49,25,time_exit,,0.0,0.0,0.0,0.0,0.0,0.0
2025-10-14,2025-10-16,short,25145.5,25396.96,25396.96,-251.46,-6286.38,25,stop_loss,,0.0,0.0,0.0,0.0,0.0,0.0
2025-10-17,2025-10-27,long,25709.85,25966.05,25452.75,256.2,6405.03,25,time_exit,,0.0,0.0,0.0,0.0,0.0,0.0
2025-10-29,2025-10-31,long,26053.9,25793.36,25793.36,-260.54,-6513.48,25,stop_loss,,0.0,0.0,0.0,0.0,0.0,0.0
2025-11-04,2025-11-12,short,25597.65,25853.63,25853.63,-255.98,-6399.41,25,stop_loss,,0.0,0.0,0.0,0.0,0.0,0.0
2025-11-17,2025-11-24,long,26013.45,25959.5,25753.31,-53.95,-1348.73,25,time_exit,,0.0,0.0,0.0,0.0,0.0,0.0
2025-11-25,2025-11-26,short,25884.8,26143.65,26143.65,-258.85,-6471.2,25,stop_loss,,0.0,0.0,0.0,0.0,0.0,0.0
2025-11-27,2025-12-03,long,26215.55,25953.4,25953.4,-262.16,-6553.89,25,stop_loss,,0.0,0.0,0.0,0.0,0.0,0.0
2025-12-05,2025-12-08,long,26186.45,25924.58,25924.58,-261.86,-6546.61,25,stop_loss,,0.0,0.0,0.0,0.0,0.0,0.0
2025-12-09,2025-12-16,short,25839.65,25860.1,26098.05,-20.45,-511.23,25,time_exit,,0.0,0.0,0.0,0.0,0.0,0.0
2025-12-17,2025-12-22,short,25818.55,26076.74,26076.74,-258.19,-6454.64,25,stop_loss,,0.0,0.0,0.0,0.0,0.0,0.0
2025-12-26,2026-01-02,short,26042.3,26302.72,26302.72,-260.42,-6510.58,25,stop_loss,,0.0,0.0,0.0,0.0,0.0,0.0
2026-01-06,2026-01-13,short,26178.7,25732.3,26440.49,446.4,11159.96,25,time_exit,,0.0,0.0,0.0,0.0,0.0,0.0
2026-01-19,2026-01-27,short,25585.5,25175.4,25841.36,410.1,10252.49,25,time_exit,,0.0,0.0,0.0,0.0,0.0,0.0
2026-01-28,2026-02-02,long,25342.75,25089.32,25089.32,-253.43,-6335.69,25,stop_loss,,0.0,0.0,0.0,0.0,0.0,0.0
2026-02-03,2026-02-10,long,25727.55,25935.15,25470.28,207.6,5189.99,25,time_exit,,0.0,0.0,0.0,0.0,0.0,0.0
2026-02-12,2026-02-19,short,25807.2,25454.35,26065.27,352.85,8821.24,25,time_exit,,0.0,0.0,0.0,0.0,0.0,0.0
2026-02-23,2026-02-24,long,25713.0,25455.87,25455.87,-257.13,-6428.25,25,stop_loss,,0.0,0.0,0.0,0.0,0.0,0.0
2026-02-27,2026-03-09,short,25178.65,24028.05,25430.44,1150.6,28764.99,25,time_exit,,0.0,0.0,0.0,0.0,0.0,0.0
2026-03-10,2026-03-11,long,24261.6,24018.98,24018.98,-242.62,-6065.4,25,stop_loss,,0.0,0.0,0.0,0.0,0.0,0.0
2026-03-12,2026-03-13,short,23639.15,23151.1,23875.54,488.05,12201.27,25,time_exit,,0.0,0.0,0.0,0.0,0.0,0.0
